<?xml version='1.0' encoding='UTF-8' standalone='yes' ?>
<resources>
  <dimen name="pad_0dp">0.0dp</dimen>
  <dimen name="pad_1dp">3.75dp</dimen>
  <dimen name="pad_2dp">7.5dp</dimen>
  <dimen name="pad_3dp">11.25dp</dimen>
  <dimen name="pad_4dp">15.0dp</dimen>
  <dimen name="pad_5dp">18.75dp</dimen>
  <dimen name="pad_6dp">22.5dp</dimen>
  <dimen name="pad_7dp">26.25dp</dimen>
  <dimen name="pad_8dp">30.0dp</dimen>
  <dimen name="pad_9dp">33.75dp</dimen>
  <dimen name="pad_10dp">37.5dp</dimen>
  <dimen name="pad_11dp">41.25dp</dimen>
  <dimen name="pad_12dp">45.0dp</dimen>
  <dimen name="pad_13dp">48.75dp</dimen>
  <dimen name="pad_14dp">52.5dp</dimen>
  <dimen name="pad_15dp">56.25dp</dimen>
  <dimen name="pad_16dp">60.0dp</dimen>
  <dimen name="pad_17dp">63.75dp</dimen>
  <dimen name="pad_18dp">67.5dp</dimen>
  <dimen name="pad_19dp">71.25dp</dimen>
  <dimen name="pad_20dp">75.0dp</dimen>
  <dimen name="pad_21dp">78.75dp</dimen>
  <dimen name="pad_22dp">82.5dp</dimen>
  <dimen name="pad_23dp">86.25dp</dimen>
  <dimen name="pad_24dp">90.0dp</dimen>
  <dimen name="pad_25dp">93.75dp</dimen>
  <dimen name="pad_26dp">97.5dp</dimen>
  <dimen name="pad_27dp">101.25dp</dimen>
  <dimen name="pad_28dp">105.0dp</dimen>
  <dimen name="pad_29dp">108.75dp</dimen>
  <dimen name="pad_30dp">112.5dp</dimen>
  <dimen name="pad_31dp">116.25dp</dimen>
  <dimen name="pad_32dp">120.0dp</dimen>
  <dimen name="pad_33dp">123.75dp</dimen>
  <dimen name="pad_34dp">127.5dp</dimen>
  <dimen name="pad_35dp">131.25dp</dimen>
  <dimen name="pad_36dp">135.0dp</dimen>
  <dimen name="pad_37dp">138.75dp</dimen>
  <dimen name="pad_38dp">142.5dp</dimen>
  <dimen name="pad_39dp">146.25dp</dimen>
  <dimen name="pad_40dp">150.0dp</dimen>
  <dimen name="pad_41dp">153.75dp</dimen>
  <dimen name="pad_42dp">157.5dp</dimen>
  <dimen name="pad_43dp">161.25dp</dimen>
  <dimen name="pad_44dp">165.0dp</dimen>
  <dimen name="pad_45dp">168.75dp</dimen>
  <dimen name="pad_46dp">172.5dp</dimen>
  <dimen name="pad_47dp">176.25dp</dimen>
  <dimen name="pad_48dp">180.0dp</dimen>
  <dimen name="pad_49dp">183.75dp</dimen>
  <dimen name="pad_50dp">187.5dp</dimen>
  <dimen name="pad_51dp">191.25dp</dimen>
  <dimen name="pad_52dp">195.0dp</dimen>
  <dimen name="pad_53dp">198.75dp</dimen>
  <dimen name="pad_54dp">202.5dp</dimen>
  <dimen name="pad_55dp">206.25dp</dimen>
  <dimen name="pad_56dp">210.0dp</dimen>
  <dimen name="pad_57dp">213.75dp</dimen>
  <dimen name="pad_58dp">217.5dp</dimen>
  <dimen name="pad_59dp">221.25dp</dimen>
  <dimen name="pad_60dp">225.0dp</dimen>
  <dimen name="pad_61dp">228.75dp</dimen>
  <dimen name="pad_62dp">232.5dp</dimen>
  <dimen name="pad_63dp">236.25dp</dimen>
  <dimen name="pad_64dp">240.0dp</dimen>
  <dimen name="pad_65dp">243.75dp</dimen>
  <dimen name="pad_66dp">247.5dp</dimen>
  <dimen name="pad_67dp">251.25dp</dimen>
  <dimen name="pad_68dp">255.0dp</dimen>
  <dimen name="pad_69dp">258.75dp</dimen>
  <dimen name="pad_70dp">262.5dp</dimen>
  <dimen name="pad_71dp">266.25dp</dimen>
  <dimen name="pad_72dp">270.0dp</dimen>
  <dimen name="pad_73dp">273.75dp</dimen>
  <dimen name="pad_74dp">277.5dp</dimen>
  <dimen name="pad_75dp">281.25dp</dimen>
  <dimen name="pad_76dp">285.0dp</dimen>
  <dimen name="pad_77dp">288.75dp</dimen>
  <dimen name="pad_78dp">292.5dp</dimen>
  <dimen name="pad_79dp">296.25dp</dimen>
  <dimen name="pad_80dp">300.0dp</dimen>
  <dimen name="pad_81dp">303.75dp</dimen>
  <dimen name="pad_82dp">307.5dp</dimen>
  <dimen name="pad_83dp">311.25dp</dimen>
  <dimen name="pad_84dp">315.0dp</dimen>
  <dimen name="pad_85dp">318.75dp</dimen>
  <dimen name="pad_86dp">322.5dp</dimen>
  <dimen name="pad_87dp">326.25dp</dimen>
  <dimen name="pad_88dp">330.0dp</dimen>
  <dimen name="pad_89dp">333.75dp</dimen>
  <dimen name="pad_90dp">337.5dp</dimen>
  <dimen name="pad_91dp">341.25dp</dimen>
  <dimen name="pad_92dp">345.0dp</dimen>
  <dimen name="pad_93dp">348.75dp</dimen>
  <dimen name="pad_94dp">352.5dp</dimen>
  <dimen name="pad_95dp">356.25dp</dimen>
  <dimen name="pad_96dp">360.0dp</dimen>
  <dimen name="pad_97dp">363.75dp</dimen>
  <dimen name="pad_98dp">367.5dp</dimen>
  <dimen name="pad_99dp">371.25dp</dimen>
  <dimen name="pad_100dp">375.0dp</dimen>
  <dimen name="pad_101dp">378.75dp</dimen>
  <dimen name="pad_102dp">382.5dp</dimen>
  <dimen name="pad_103dp">386.25dp</dimen>
  <dimen name="pad_104dp">390.0dp</dimen>
  <dimen name="pad_105dp">393.75dp</dimen>
  <dimen name="pad_106dp">397.5dp</dimen>
  <dimen name="pad_107dp">401.25dp</dimen>
  <dimen name="pad_108dp">405.0dp</dimen>
  <dimen name="pad_109dp">408.75dp</dimen>
  <dimen name="pad_110dp">412.5dp</dimen>
  <dimen name="pad_111dp">416.25dp</dimen>
  <dimen name="pad_112dp">420.0dp</dimen>
  <dimen name="pad_113dp">423.75dp</dimen>
  <dimen name="pad_114dp">427.5dp</dimen>
  <dimen name="pad_115dp">431.25dp</dimen>
  <dimen name="pad_116dp">435.0dp</dimen>
  <dimen name="pad_117dp">438.75dp</dimen>
  <dimen name="pad_118dp">442.5dp</dimen>
  <dimen name="pad_119dp">446.25dp</dimen>
  <dimen name="pad_120dp">450.0dp</dimen>
  <dimen name="pad_121dp">453.75dp</dimen>
  <dimen name="pad_122dp">457.5dp</dimen>
  <dimen name="pad_123dp">461.25dp</dimen>
  <dimen name="pad_124dp">465.0dp</dimen>
  <dimen name="pad_125dp">468.75dp</dimen>
  <dimen name="pad_126dp">472.5dp</dimen>
  <dimen name="pad_127dp">476.25dp</dimen>
  <dimen name="pad_128dp">480.0dp</dimen>
  <dimen name="pad_129dp">483.75dp</dimen>
  <dimen name="pad_130dp">487.5dp</dimen>
  <dimen name="pad_131dp">491.25dp</dimen>
  <dimen name="pad_132dp">495.0dp</dimen>
  <dimen name="pad_133dp">498.75dp</dimen>
  <dimen name="pad_134dp">502.5dp</dimen>
  <dimen name="pad_135dp">506.25dp</dimen>
  <dimen name="pad_136dp">510.0dp</dimen>
  <dimen name="pad_137dp">513.75dp</dimen>
  <dimen name="pad_138dp">517.5dp</dimen>
  <dimen name="pad_139dp">521.25dp</dimen>
  <dimen name="pad_140dp">525.0dp</dimen>
  <dimen name="pad_141dp">528.75dp</dimen>
  <dimen name="pad_142dp">532.5dp</dimen>
  <dimen name="pad_143dp">536.25dp</dimen>
  <dimen name="pad_144dp">540.0dp</dimen>
  <dimen name="pad_145dp">543.75dp</dimen>
  <dimen name="pad_146dp">547.5dp</dimen>
  <dimen name="pad_147dp">551.25dp</dimen>
  <dimen name="pad_148dp">555.0dp</dimen>
  <dimen name="pad_149dp">558.75dp</dimen>
  <dimen name="pad_150dp">562.5dp</dimen>
  <dimen name="pad_151dp">566.25dp</dimen>
  <dimen name="pad_152dp">570.0dp</dimen>
  <dimen name="pad_153dp">573.75dp</dimen>
  <dimen name="pad_154dp">577.5dp</dimen>
  <dimen name="pad_155dp">581.25dp</dimen>
  <dimen name="pad_156dp">585.0dp</dimen>
  <dimen name="pad_157dp">588.75dp</dimen>
  <dimen name="pad_158dp">592.5dp</dimen>
  <dimen name="pad_159dp">596.25dp</dimen>
  <dimen name="pad_160dp">600.0dp</dimen>
  <dimen name="pad_161dp">603.75dp</dimen>
  <dimen name="pad_162dp">607.5dp</dimen>
  <dimen name="pad_163dp">611.25dp</dimen>
  <dimen name="pad_164dp">615.0dp</dimen>
  <dimen name="pad_165dp">618.75dp</dimen>
  <dimen name="pad_166dp">622.5dp</dimen>
  <dimen name="pad_167dp">626.25dp</dimen>
  <dimen name="pad_168dp">630.0dp</dimen>
  <dimen name="pad_169dp">633.75dp</dimen>
  <dimen name="pad_170dp">637.5dp</dimen>
  <dimen name="pad_171dp">641.25dp</dimen>
  <dimen name="pad_172dp">645.0dp</dimen>
  <dimen name="pad_173dp">648.75dp</dimen>
  <dimen name="pad_174dp">652.5dp</dimen>
  <dimen name="pad_175dp">656.25dp</dimen>
  <dimen name="pad_176dp">660.0dp</dimen>
  <dimen name="pad_177dp">663.75dp</dimen>
  <dimen name="pad_178dp">667.5dp</dimen>
  <dimen name="pad_179dp">671.25dp</dimen>
  <dimen name="pad_180dp">675.0dp</dimen>
  <dimen name="pad_181dp">678.75dp</dimen>
  <dimen name="pad_182dp">682.5dp</dimen>
  <dimen name="pad_183dp">686.25dp</dimen>
  <dimen name="pad_184dp">690.0dp</dimen>
  <dimen name="pad_185dp">693.75dp</dimen>
  <dimen name="pad_186dp">697.5dp</dimen>
  <dimen name="pad_187dp">701.25dp</dimen>
  <dimen name="pad_188dp">705.0dp</dimen>
  <dimen name="pad_189dp">708.75dp</dimen>
  <dimen name="pad_190dp">712.5dp</dimen>
  <dimen name="pad_191dp">716.25dp</dimen>
  <dimen name="pad_192dp">720.0dp</dimen>
  <dimen name="pad_193dp">723.75dp</dimen>
  <dimen name="pad_194dp">727.5dp</dimen>
  <dimen name="pad_195dp">731.25dp</dimen>
  <dimen name="pad_196dp">735.0dp</dimen>
  <dimen name="pad_197dp">738.75dp</dimen>
  <dimen name="pad_198dp">742.5dp</dimen>
  <dimen name="pad_199dp">746.25dp</dimen>
  <dimen name="pad_200dp">750.0dp</dimen>
  <dimen name="pad_201dp">753.75dp</dimen>
  <dimen name="pad_202dp">757.5dp</dimen>
  <dimen name="pad_203dp">761.25dp</dimen>
  <dimen name="pad_204dp">765.0dp</dimen>
  <dimen name="pad_205dp">768.75dp</dimen>
  <dimen name="pad_206dp">772.5dp</dimen>
  <dimen name="pad_207dp">776.25dp</dimen>
  <dimen name="pad_208dp">780.0dp</dimen>
  <dimen name="pad_209dp">783.75dp</dimen>
  <dimen name="pad_210dp">787.5dp</dimen>
  <dimen name="pad_211dp">791.25dp</dimen>
  <dimen name="pad_212dp">795.0dp</dimen>
  <dimen name="pad_213dp">798.75dp</dimen>
  <dimen name="pad_214dp">802.5dp</dimen>
  <dimen name="pad_215dp">806.25dp</dimen>
  <dimen name="pad_216dp">810.0dp</dimen>
  <dimen name="pad_217dp">813.75dp</dimen>
  <dimen name="pad_218dp">817.5dp</dimen>
  <dimen name="pad_219dp">821.25dp</dimen>
  <dimen name="pad_220dp">825.0dp</dimen>
  <dimen name="pad_221dp">828.75dp</dimen>
  <dimen name="pad_222dp">832.5dp</dimen>
  <dimen name="pad_223dp">836.25dp</dimen>
  <dimen name="pad_224dp">840.0dp</dimen>
  <dimen name="pad_225dp">843.75dp</dimen>
  <dimen name="pad_226dp">847.5dp</dimen>
  <dimen name="pad_227dp">851.25dp</dimen>
  <dimen name="pad_228dp">855.0dp</dimen>
  <dimen name="pad_229dp">858.75dp</dimen>
  <dimen name="pad_230dp">862.5dp</dimen>
  <dimen name="pad_231dp">866.25dp</dimen>
  <dimen name="pad_232dp">870.0dp</dimen>
  <dimen name="pad_233dp">873.75dp</dimen>
  <dimen name="pad_234dp">877.5dp</dimen>
  <dimen name="pad_235dp">881.25dp</dimen>
  <dimen name="pad_236dp">885.0dp</dimen>
  <dimen name="pad_237dp">888.75dp</dimen>
  <dimen name="pad_238dp">892.5dp</dimen>
  <dimen name="pad_239dp">896.25dp</dimen>
  <dimen name="pad_240dp">900.0dp</dimen>
  <dimen name="pad_241dp">903.75dp</dimen>
  <dimen name="pad_242dp">907.5dp</dimen>
  <dimen name="pad_243dp">911.25dp</dimen>
  <dimen name="pad_244dp">915.0dp</dimen>
  <dimen name="pad_245dp">918.75dp</dimen>
  <dimen name="pad_246dp">922.5dp</dimen>
  <dimen name="pad_247dp">926.25dp</dimen>
  <dimen name="pad_248dp">930.0dp</dimen>
  <dimen name="pad_249dp">933.75dp</dimen>
  <dimen name="pad_250dp">937.5dp</dimen>
  <dimen name="pad_251dp">941.25dp</dimen>
  <dimen name="pad_252dp">945.0dp</dimen>
  <dimen name="pad_253dp">948.75dp</dimen>
  <dimen name="pad_254dp">952.5dp</dimen>
  <dimen name="pad_255dp">956.25dp</dimen>
  <dimen name="pad_256dp">960.0dp</dimen>
  <dimen name="pad_257dp">963.75dp</dimen>
  <dimen name="pad_258dp">967.5dp</dimen>
  <dimen name="pad_259dp">971.25dp</dimen>
  <dimen name="pad_260dp">975.0dp</dimen>
  <dimen name="pad_261dp">978.75dp</dimen>
  <dimen name="pad_262dp">982.5dp</dimen>
  <dimen name="pad_263dp">986.25dp</dimen>
  <dimen name="pad_264dp">990.0dp</dimen>
  <dimen name="pad_265dp">993.75dp</dimen>
  <dimen name="pad_266dp">997.5dp</dimen>
  <dimen name="pad_267dp">1001.25dp</dimen>
  <dimen name="pad_268dp">1005.0dp</dimen>
  <dimen name="pad_269dp">1008.75dp</dimen>
  <dimen name="pad_270dp">1012.5dp</dimen>
  <dimen name="pad_271dp">1016.25dp</dimen>
  <dimen name="pad_272dp">1020.0dp</dimen>
  <dimen name="pad_273dp">1023.75dp</dimen>
  <dimen name="pad_274dp">1027.5dp</dimen>
  <dimen name="pad_275dp">1031.25dp</dimen>
  <dimen name="pad_276dp">1035.0dp</dimen>
  <dimen name="pad_277dp">1038.75dp</dimen>
  <dimen name="pad_278dp">1042.5dp</dimen>
  <dimen name="pad_279dp">1046.25dp</dimen>
  <dimen name="pad_280dp">1050.0dp</dimen>
  <dimen name="pad_281dp">1053.75dp</dimen>
  <dimen name="pad_282dp">1057.5dp</dimen>
  <dimen name="pad_283dp">1061.25dp</dimen>
  <dimen name="pad_284dp">1065.0dp</dimen>
  <dimen name="pad_285dp">1068.75dp</dimen>
  <dimen name="pad_286dp">1072.5dp</dimen>
  <dimen name="pad_287dp">1076.25dp</dimen>
  <dimen name="pad_288dp">1080.0dp</dimen>
  <dimen name="pad_289dp">1083.75dp</dimen>
  <dimen name="pad_290dp">1087.5dp</dimen>
  <dimen name="pad_291dp">1091.25dp</dimen>
  <dimen name="pad_292dp">1095.0dp</dimen>
  <dimen name="pad_293dp">1098.75dp</dimen>
  <dimen name="pad_294dp">1102.5dp</dimen>
  <dimen name="pad_295dp">1106.25dp</dimen>
  <dimen name="pad_296dp">1110.0dp</dimen>
  <dimen name="pad_297dp">1113.75dp</dimen>
  <dimen name="pad_298dp">1117.5dp</dimen>
  <dimen name="pad_299dp">1121.25dp</dimen>
  <dimen name="pad_300dp">1125.0dp</dimen>
  <dimen name="pad_301dp">1128.75dp</dimen>
  <dimen name="pad_302dp">1132.5dp</dimen>
  <dimen name="pad_303dp">1136.25dp</dimen>
  <dimen name="pad_304dp">1140.0dp</dimen>
  <dimen name="pad_305dp">1143.75dp</dimen>
  <dimen name="pad_306dp">1147.5dp</dimen>
  <dimen name="pad_307dp">1151.25dp</dimen>
  <dimen name="pad_308dp">1155.0dp</dimen>
  <dimen name="pad_309dp">1158.75dp</dimen>
  <dimen name="pad_310dp">1162.5dp</dimen>
  <dimen name="pad_311dp">1166.25dp</dimen>
  <dimen name="pad_312dp">1170.0dp</dimen>
  <dimen name="pad_313dp">1173.75dp</dimen>
  <dimen name="pad_314dp">1177.5dp</dimen>
  <dimen name="pad_315dp">1181.25dp</dimen>
  <dimen name="pad_316dp">1185.0dp</dimen>
  <dimen name="pad_317dp">1188.75dp</dimen>
  <dimen name="pad_318dp">1192.5dp</dimen>
  <dimen name="pad_319dp">1196.25dp</dimen>
  <dimen name="txt_0_sp">0.0sp</dimen>
  <dimen name="txt_1_sp">3.75sp</dimen>
  <dimen name="txt_2_sp">7.5sp</dimen>
  <dimen name="txt_3_sp">11.25sp</dimen>
  <dimen name="txt_4_sp">15.0sp</dimen>
  <dimen name="txt_5_sp">18.75sp</dimen>
  <dimen name="txt_6_sp">22.5sp</dimen>
  <dimen name="txt_7_sp">26.25sp</dimen>
  <dimen name="txt_8_sp">30.0sp</dimen>
  <dimen name="txt_9_sp">33.75sp</dimen>
  <dimen name="txt_10_sp">37.5sp</dimen>
  <dimen name="txt_11_sp">41.25sp</dimen>
  <dimen name="txt_12_sp">45.0sp</dimen>
  <dimen name="txt_13_sp">48.75sp</dimen>
  <dimen name="txt_14_sp">52.5sp</dimen>
  <dimen name="txt_15_sp">56.25sp</dimen>
  <dimen name="txt_16_sp">60.0sp</dimen>
  <dimen name="txt_17_sp">63.75sp</dimen>
  <dimen name="txt_18_sp">67.5sp</dimen>
  <dimen name="txt_19_sp">71.25sp</dimen>
  <dimen name="txt_20_sp">75.0sp</dimen>
  <dimen name="txt_21_sp">78.75sp</dimen>
  <dimen name="txt_22_sp">82.5sp</dimen>
  <dimen name="txt_23_sp">86.25sp</dimen>
  <dimen name="txt_24_sp">90.0sp</dimen>
  <dimen name="txt_25_sp">93.75sp</dimen>
  <dimen name="txt_26_sp">97.5sp</dimen>
  <dimen name="txt_27_sp">101.25sp</dimen>
  <dimen name="txt_28_sp">105.0sp</dimen>
  <dimen name="txt_29_sp">108.75sp</dimen>
  <dimen name="txt_35_sp">131.25sp</dimen>
</resources>