<resources>

    <style name="AppTheme_Dark.NoActionBar">
        <item name="windowActionBar">false</item>
        <item name="windowNoTitle">true</item>
        <item name="android:windowDrawsSystemBarBackgrounds">true</item>
        <item name="android:statusBarColor">@android:color/transparent</item>
    </style>

    <style name="AppTheme.ActionBar.Transparent" parent="AppTheme_Dark">
        <item name="colorPrimary">@android:color/transparent</item>
    </style>
</resources>
