<?xml version='1.0' encoding='UTF-8' standalone='yes' ?>
<resources>
  <dimen name="pad_0dp">0.0dp</dimen>
  <dimen name="pad_1dp">3.0dp</dimen>
  <dimen name="pad_2dp">6.0dp</dimen>
  <dimen name="pad_3dp">9.0dp</dimen>
  <dimen name="pad_4dp">12.0dp</dimen>
  <dimen name="pad_5dp">15.0dp</dimen>
  <dimen name="pad_6dp">18.0dp</dimen>
  <dimen name="pad_7dp">21.0dp</dimen>
  <dimen name="pad_8dp">24.0dp</dimen>
  <dimen name="pad_9dp">27.0dp</dimen>
  <dimen name="pad_10dp">30.0dp</dimen>
  <dimen name="pad_11dp">33.0dp</dimen>
  <dimen name="pad_12dp">36.0dp</dimen>
  <dimen name="pad_13dp">39.0dp</dimen>
  <dimen name="pad_14dp">42.0dp</dimen>
  <dimen name="pad_15dp">45.0dp</dimen>
  <dimen name="pad_16dp">48.0dp</dimen>
  <dimen name="pad_17dp">51.0dp</dimen>
  <dimen name="pad_18dp">54.0dp</dimen>
  <dimen name="pad_19dp">57.0dp</dimen>
  <dimen name="pad_20dp">60.0dp</dimen>
  <dimen name="pad_21dp">63.0dp</dimen>
  <dimen name="pad_22dp">66.0dp</dimen>
  <dimen name="pad_23dp">69.0dp</dimen>
  <dimen name="pad_24dp">72.0dp</dimen>
  <dimen name="pad_25dp">75.0dp</dimen>
  <dimen name="pad_26dp">78.0dp</dimen>
  <dimen name="pad_27dp">81.0dp</dimen>
  <dimen name="pad_28dp">84.0dp</dimen>
  <dimen name="pad_29dp">87.0dp</dimen>
  <dimen name="pad_30dp">90.0dp</dimen>
  <dimen name="pad_31dp">93.0dp</dimen>
  <dimen name="pad_32dp">96.0dp</dimen>
  <dimen name="pad_33dp">99.0dp</dimen>
  <dimen name="pad_34dp">102.0dp</dimen>
  <dimen name="pad_35dp">105.0dp</dimen>
  <dimen name="pad_36dp">108.0dp</dimen>
  <dimen name="pad_37dp">111.0dp</dimen>
  <dimen name="pad_38dp">114.0dp</dimen>
  <dimen name="pad_39dp">117.0dp</dimen>
  <dimen name="pad_40dp">120.0dp</dimen>
  <dimen name="pad_41dp">123.0dp</dimen>
  <dimen name="pad_42dp">126.0dp</dimen>
  <dimen name="pad_43dp">129.0dp</dimen>
  <dimen name="pad_44dp">132.0dp</dimen>
  <dimen name="pad_45dp">135.0dp</dimen>
  <dimen name="pad_46dp">138.0dp</dimen>
  <dimen name="pad_47dp">141.0dp</dimen>
  <dimen name="pad_48dp">144.0dp</dimen>
  <dimen name="pad_49dp">147.0dp</dimen>
  <dimen name="pad_50dp">150.0dp</dimen>
  <dimen name="pad_51dp">153.0dp</dimen>
  <dimen name="pad_52dp">156.0dp</dimen>
  <dimen name="pad_53dp">159.0dp</dimen>
  <dimen name="pad_54dp">162.0dp</dimen>
  <dimen name="pad_55dp">165.0dp</dimen>
  <dimen name="pad_56dp">168.0dp</dimen>
  <dimen name="pad_57dp">171.0dp</dimen>
  <dimen name="pad_58dp">174.0dp</dimen>
  <dimen name="pad_59dp">177.0dp</dimen>
  <dimen name="pad_60dp">180.0dp</dimen>
  <dimen name="pad_61dp">183.0dp</dimen>
  <dimen name="pad_62dp">186.0dp</dimen>
  <dimen name="pad_63dp">189.0dp</dimen>
  <dimen name="pad_64dp">192.0dp</dimen>
  <dimen name="pad_65dp">195.0dp</dimen>
  <dimen name="pad_66dp">198.0dp</dimen>
  <dimen name="pad_67dp">201.0dp</dimen>
  <dimen name="pad_68dp">204.0dp</dimen>
  <dimen name="pad_69dp">207.0dp</dimen>
  <dimen name="pad_70dp">210.0dp</dimen>
  <dimen name="pad_71dp">213.0dp</dimen>
  <dimen name="pad_72dp">216.0dp</dimen>
  <dimen name="pad_73dp">219.0dp</dimen>
  <dimen name="pad_74dp">222.0dp</dimen>
  <dimen name="pad_75dp">225.0dp</dimen>
  <dimen name="pad_76dp">228.0dp</dimen>
  <dimen name="pad_77dp">231.0dp</dimen>
  <dimen name="pad_78dp">234.0dp</dimen>
  <dimen name="pad_79dp">237.0dp</dimen>
  <dimen name="pad_80dp">240.0dp</dimen>
  <dimen name="pad_81dp">243.0dp</dimen>
  <dimen name="pad_82dp">246.0dp</dimen>
  <dimen name="pad_83dp">249.0dp</dimen>
  <dimen name="pad_84dp">252.0dp</dimen>
  <dimen name="pad_85dp">255.0dp</dimen>
  <dimen name="pad_86dp">258.0dp</dimen>
  <dimen name="pad_87dp">261.0dp</dimen>
  <dimen name="pad_88dp">264.0dp</dimen>
  <dimen name="pad_89dp">267.0dp</dimen>
  <dimen name="pad_90dp">270.0dp</dimen>
  <dimen name="pad_91dp">273.0dp</dimen>
  <dimen name="pad_92dp">276.0dp</dimen>
  <dimen name="pad_93dp">279.0dp</dimen>
  <dimen name="pad_94dp">282.0dp</dimen>
  <dimen name="pad_95dp">285.0dp</dimen>
  <dimen name="pad_96dp">288.0dp</dimen>
  <dimen name="pad_97dp">291.0dp</dimen>
  <dimen name="pad_98dp">294.0dp</dimen>
  <dimen name="pad_99dp">297.0dp</dimen>
  <dimen name="pad_100dp">300.0dp</dimen>
  <dimen name="pad_101dp">303.0dp</dimen>
  <dimen name="pad_102dp">306.0dp</dimen>
  <dimen name="pad_103dp">309.0dp</dimen>
  <dimen name="pad_104dp">312.0dp</dimen>
  <dimen name="pad_105dp">315.0dp</dimen>
  <dimen name="pad_106dp">318.0dp</dimen>
  <dimen name="pad_107dp">321.0dp</dimen>
  <dimen name="pad_108dp">324.0dp</dimen>
  <dimen name="pad_109dp">327.0dp</dimen>
  <dimen name="pad_110dp">330.0dp</dimen>
  <dimen name="pad_111dp">333.0dp</dimen>
  <dimen name="pad_112dp">336.0dp</dimen>
  <dimen name="pad_113dp">339.0dp</dimen>
  <dimen name="pad_114dp">342.0dp</dimen>
  <dimen name="pad_115dp">345.0dp</dimen>
  <dimen name="pad_116dp">348.0dp</dimen>
  <dimen name="pad_117dp">351.0dp</dimen>
  <dimen name="pad_118dp">354.0dp</dimen>
  <dimen name="pad_119dp">357.0dp</dimen>
  <dimen name="pad_120dp">360.0dp</dimen>
  <dimen name="pad_121dp">363.0dp</dimen>
  <dimen name="pad_122dp">366.0dp</dimen>
  <dimen name="pad_123dp">369.0dp</dimen>
  <dimen name="pad_124dp">372.0dp</dimen>
  <dimen name="pad_125dp">375.0dp</dimen>
  <dimen name="pad_126dp">378.0dp</dimen>
  <dimen name="pad_127dp">381.0dp</dimen>
  <dimen name="pad_128dp">384.0dp</dimen>
  <dimen name="pad_129dp">387.0dp</dimen>
  <dimen name="pad_130dp">390.0dp</dimen>
  <dimen name="pad_131dp">393.0dp</dimen>
  <dimen name="pad_132dp">396.0dp</dimen>
  <dimen name="pad_133dp">399.0dp</dimen>
  <dimen name="pad_134dp">402.0dp</dimen>
  <dimen name="pad_135dp">405.0dp</dimen>
  <dimen name="pad_136dp">408.0dp</dimen>
  <dimen name="pad_137dp">411.0dp</dimen>
  <dimen name="pad_138dp">414.0dp</dimen>
  <dimen name="pad_139dp">417.0dp</dimen>
  <dimen name="pad_140dp">420.0dp</dimen>
  <dimen name="pad_141dp">423.0dp</dimen>
  <dimen name="pad_142dp">426.0dp</dimen>
  <dimen name="pad_143dp">429.0dp</dimen>
  <dimen name="pad_144dp">432.0dp</dimen>
  <dimen name="pad_145dp">435.0dp</dimen>
  <dimen name="pad_146dp">438.0dp</dimen>
  <dimen name="pad_147dp">441.0dp</dimen>
  <dimen name="pad_148dp">444.0dp</dimen>
  <dimen name="pad_149dp">447.0dp</dimen>
  <dimen name="pad_150dp">450.0dp</dimen>
  <dimen name="pad_151dp">453.0dp</dimen>
  <dimen name="pad_152dp">456.0dp</dimen>
  <dimen name="pad_153dp">459.0dp</dimen>
  <dimen name="pad_154dp">462.0dp</dimen>
  <dimen name="pad_155dp">465.0dp</dimen>
  <dimen name="pad_156dp">468.0dp</dimen>
  <dimen name="pad_157dp">471.0dp</dimen>
  <dimen name="pad_158dp">474.0dp</dimen>
  <dimen name="pad_159dp">477.0dp</dimen>
  <dimen name="pad_160dp">480.0dp</dimen>
  <dimen name="pad_161dp">483.0dp</dimen>
  <dimen name="pad_162dp">486.0dp</dimen>
  <dimen name="pad_163dp">489.0dp</dimen>
  <dimen name="pad_164dp">492.0dp</dimen>
  <dimen name="pad_165dp">495.0dp</dimen>
  <dimen name="pad_166dp">498.0dp</dimen>
  <dimen name="pad_167dp">501.0dp</dimen>
  <dimen name="pad_168dp">504.0dp</dimen>
  <dimen name="pad_169dp">507.0dp</dimen>
  <dimen name="pad_170dp">510.0dp</dimen>
  <dimen name="pad_171dp">513.0dp</dimen>
  <dimen name="pad_172dp">516.0dp</dimen>
  <dimen name="pad_173dp">519.0dp</dimen>
  <dimen name="pad_174dp">522.0dp</dimen>
  <dimen name="pad_175dp">525.0dp</dimen>
  <dimen name="pad_176dp">528.0dp</dimen>
  <dimen name="pad_177dp">531.0dp</dimen>
  <dimen name="pad_178dp">534.0dp</dimen>
  <dimen name="pad_179dp">537.0dp</dimen>
  <dimen name="pad_180dp">540.0dp</dimen>
  <dimen name="pad_181dp">543.0dp</dimen>
  <dimen name="pad_182dp">546.0dp</dimen>
  <dimen name="pad_183dp">549.0dp</dimen>
  <dimen name="pad_184dp">552.0dp</dimen>
  <dimen name="pad_185dp">555.0dp</dimen>
  <dimen name="pad_186dp">558.0dp</dimen>
  <dimen name="pad_187dp">561.0dp</dimen>
  <dimen name="pad_188dp">564.0dp</dimen>
  <dimen name="pad_189dp">567.0dp</dimen>
  <dimen name="pad_190dp">570.0dp</dimen>
  <dimen name="pad_191dp">573.0dp</dimen>
  <dimen name="pad_192dp">576.0dp</dimen>
  <dimen name="pad_193dp">579.0dp</dimen>
  <dimen name="pad_194dp">582.0dp</dimen>
  <dimen name="pad_195dp">585.0dp</dimen>
  <dimen name="pad_196dp">588.0dp</dimen>
  <dimen name="pad_197dp">591.0dp</dimen>
  <dimen name="pad_198dp">594.0dp</dimen>
  <dimen name="pad_199dp">597.0dp</dimen>
  <dimen name="pad_200dp">600.0dp</dimen>
  <dimen name="pad_201dp">603.0dp</dimen>
  <dimen name="pad_202dp">606.0dp</dimen>
  <dimen name="pad_203dp">609.0dp</dimen>
  <dimen name="pad_204dp">612.0dp</dimen>
  <dimen name="pad_205dp">615.0dp</dimen>
  <dimen name="pad_206dp">618.0dp</dimen>
  <dimen name="pad_207dp">621.0dp</dimen>
  <dimen name="pad_208dp">624.0dp</dimen>
  <dimen name="pad_209dp">627.0dp</dimen>
  <dimen name="pad_210dp">630.0dp</dimen>
  <dimen name="pad_211dp">633.0dp</dimen>
  <dimen name="pad_212dp">636.0dp</dimen>
  <dimen name="pad_213dp">639.0dp</dimen>
  <dimen name="pad_214dp">642.0dp</dimen>
  <dimen name="pad_215dp">645.0dp</dimen>
  <dimen name="pad_216dp">648.0dp</dimen>
  <dimen name="pad_217dp">651.0dp</dimen>
  <dimen name="pad_218dp">654.0dp</dimen>
  <dimen name="pad_219dp">657.0dp</dimen>
  <dimen name="pad_220dp">660.0dp</dimen>
  <dimen name="pad_221dp">663.0dp</dimen>
  <dimen name="pad_222dp">666.0dp</dimen>
  <dimen name="pad_223dp">669.0dp</dimen>
  <dimen name="pad_224dp">672.0dp</dimen>
  <dimen name="pad_225dp">675.0dp</dimen>
  <dimen name="pad_226dp">678.0dp</dimen>
  <dimen name="pad_227dp">681.0dp</dimen>
  <dimen name="pad_228dp">684.0dp</dimen>
  <dimen name="pad_229dp">687.0dp</dimen>
  <dimen name="pad_230dp">690.0dp</dimen>
  <dimen name="pad_231dp">693.0dp</dimen>
  <dimen name="pad_232dp">696.0dp</dimen>
  <dimen name="pad_233dp">699.0dp</dimen>
  <dimen name="pad_234dp">702.0dp</dimen>
  <dimen name="pad_235dp">705.0dp</dimen>
  <dimen name="pad_236dp">708.0dp</dimen>
  <dimen name="pad_237dp">711.0dp</dimen>
  <dimen name="pad_238dp">714.0dp</dimen>
  <dimen name="pad_239dp">717.0dp</dimen>
  <dimen name="pad_240dp">720.0dp</dimen>
  <dimen name="pad_241dp">723.0dp</dimen>
  <dimen name="pad_242dp">726.0dp</dimen>
  <dimen name="pad_243dp">729.0dp</dimen>
  <dimen name="pad_244dp">732.0dp</dimen>
  <dimen name="pad_245dp">735.0dp</dimen>
  <dimen name="pad_246dp">738.0dp</dimen>
  <dimen name="pad_247dp">741.0dp</dimen>
  <dimen name="pad_248dp">744.0dp</dimen>
  <dimen name="pad_249dp">747.0dp</dimen>
  <dimen name="pad_250dp">750.0dp</dimen>
  <dimen name="pad_251dp">753.0dp</dimen>
  <dimen name="pad_252dp">756.0dp</dimen>
  <dimen name="pad_253dp">759.0dp</dimen>
  <dimen name="pad_254dp">762.0dp</dimen>
  <dimen name="pad_255dp">765.0dp</dimen>
  <dimen name="pad_256dp">768.0dp</dimen>
  <dimen name="pad_257dp">771.0dp</dimen>
  <dimen name="pad_258dp">774.0dp</dimen>
  <dimen name="pad_259dp">777.0dp</dimen>
  <dimen name="pad_260dp">780.0dp</dimen>
  <dimen name="pad_261dp">783.0dp</dimen>
  <dimen name="pad_262dp">786.0dp</dimen>
  <dimen name="pad_263dp">789.0dp</dimen>
  <dimen name="pad_264dp">792.0dp</dimen>
  <dimen name="pad_265dp">795.0dp</dimen>
  <dimen name="pad_266dp">798.0dp</dimen>
  <dimen name="pad_267dp">801.0dp</dimen>
  <dimen name="pad_268dp">804.0dp</dimen>
  <dimen name="pad_269dp">807.0dp</dimen>
  <dimen name="pad_270dp">810.0dp</dimen>
  <dimen name="pad_271dp">813.0dp</dimen>
  <dimen name="pad_272dp">816.0dp</dimen>
  <dimen name="pad_273dp">819.0dp</dimen>
  <dimen name="pad_274dp">822.0dp</dimen>
  <dimen name="pad_275dp">825.0dp</dimen>
  <dimen name="pad_276dp">828.0dp</dimen>
  <dimen name="pad_277dp">831.0dp</dimen>
  <dimen name="pad_278dp">834.0dp</dimen>
  <dimen name="pad_279dp">837.0dp</dimen>
  <dimen name="pad_280dp">840.0dp</dimen>
  <dimen name="pad_281dp">843.0dp</dimen>
  <dimen name="pad_282dp">846.0dp</dimen>
  <dimen name="pad_283dp">849.0dp</dimen>
  <dimen name="pad_284dp">852.0dp</dimen>
  <dimen name="pad_285dp">855.0dp</dimen>
  <dimen name="pad_286dp">858.0dp</dimen>
  <dimen name="pad_287dp">861.0dp</dimen>
  <dimen name="pad_288dp">864.0dp</dimen>
  <dimen name="pad_289dp">867.0dp</dimen>
  <dimen name="pad_290dp">870.0dp</dimen>
  <dimen name="pad_291dp">873.0dp</dimen>
  <dimen name="pad_292dp">876.0dp</dimen>
  <dimen name="pad_293dp">879.0dp</dimen>
  <dimen name="pad_294dp">882.0dp</dimen>
  <dimen name="pad_295dp">885.0dp</dimen>
  <dimen name="pad_296dp">888.0dp</dimen>
  <dimen name="pad_297dp">891.0dp</dimen>
  <dimen name="pad_298dp">894.0dp</dimen>
  <dimen name="pad_299dp">897.0dp</dimen>
  <dimen name="pad_300dp">900.0dp</dimen>
  <dimen name="pad_301dp">903.0dp</dimen>
  <dimen name="pad_302dp">906.0dp</dimen>
  <dimen name="pad_303dp">909.0dp</dimen>
  <dimen name="pad_304dp">912.0dp</dimen>
  <dimen name="pad_305dp">915.0dp</dimen>
  <dimen name="pad_306dp">918.0dp</dimen>
  <dimen name="pad_307dp">921.0dp</dimen>
  <dimen name="pad_308dp">924.0dp</dimen>
  <dimen name="pad_309dp">927.0dp</dimen>
  <dimen name="pad_310dp">930.0dp</dimen>
  <dimen name="pad_311dp">933.0dp</dimen>
  <dimen name="pad_312dp">936.0dp</dimen>
  <dimen name="pad_313dp">939.0dp</dimen>
  <dimen name="pad_314dp">942.0dp</dimen>
  <dimen name="pad_315dp">945.0dp</dimen>
  <dimen name="pad_316dp">948.0dp</dimen>
  <dimen name="pad_317dp">951.0dp</dimen>
  <dimen name="pad_318dp">954.0dp</dimen>
  <dimen name="pad_319dp">957.0dp</dimen>
  <dimen name="txt_0_sp">0.0sp</dimen>
  <dimen name="txt_1_sp">3.0sp</dimen>
  <dimen name="txt_2_sp">6.0sp</dimen>
  <dimen name="txt_3_sp">9.0sp</dimen>
  <dimen name="txt_4_sp">12.0sp</dimen>
  <dimen name="txt_5_sp">15.0sp</dimen>
  <dimen name="txt_6_sp">18.0sp</dimen>
  <dimen name="txt_7_sp">21.0sp</dimen>
  <dimen name="txt_8_sp">24.0sp</dimen>
  <dimen name="txt_9_sp">27.0sp</dimen>
  <dimen name="txt_10_sp">30.0sp</dimen>
  <dimen name="txt_11_sp">33.0sp</dimen>
  <dimen name="txt_12_sp">36.0sp</dimen>
  <dimen name="txt_13_sp">39.0sp</dimen>
  <dimen name="txt_14_sp">42.0sp</dimen>
  <dimen name="txt_15_sp">45.0sp</dimen>
  <dimen name="txt_16_sp">48.0sp</dimen>
  <dimen name="txt_17_sp">51.0sp</dimen>
  <dimen name="txt_18_sp">54.0sp</dimen>
  <dimen name="txt_19_sp">57.0sp</dimen>
  <dimen name="txt_20_sp">60.0sp</dimen>
  <dimen name="txt_21_sp">63.0sp</dimen>
  <dimen name="txt_22_sp">66.0sp</dimen>
  <dimen name="txt_23_sp">69.0sp</dimen>
  <dimen name="txt_24_sp">72.0sp</dimen>
  <dimen name="txt_25_sp">75.0sp</dimen>
  <dimen name="txt_26_sp">78.0sp</dimen>
  <dimen name="txt_27_sp">81.0sp</dimen>
  <dimen name="txt_28_sp">84.0sp</dimen>
  <dimen name="txt_29_sp">87.0sp</dimen>
  <dimen name="txt_35_sp">105sp</dimen>
</resources>