<?xml version='1.0' encoding='UTF-8' standalone='yes' ?>
<resources>
  <dimen name="pad_0dp">0.0dp</dimen>
  <dimen name="pad_1dp">5.125dp</dimen>
  <dimen name="pad_2dp">10.25dp</dimen>
  <dimen name="pad_3dp">15.375dp</dimen>
  <dimen name="pad_4dp">20.5dp</dimen>
  <dimen name="pad_5dp">25.625dp</dimen>
  <dimen name="pad_6dp">30.75dp</dimen>
  <dimen name="pad_7dp">35.875dp</dimen>
  <dimen name="pad_8dp">41.0dp</dimen>
  <dimen name="pad_9dp">46.125dp</dimen>
  <dimen name="pad_10dp">51.25dp</dimen>
  <dimen name="pad_11dp">56.375dp</dimen>
  <dimen name="pad_12dp">61.5dp</dimen>
  <dimen name="pad_13dp">66.625dp</dimen>
  <dimen name="pad_14dp">71.75dp</dimen>
  <dimen name="pad_15dp">76.875dp</dimen>
  <dimen name="pad_16dp">82.0dp</dimen>
  <dimen name="pad_17dp">87.125dp</dimen>
  <dimen name="pad_18dp">92.25dp</dimen>
  <dimen name="pad_19dp">97.375dp</dimen>
  <dimen name="pad_20dp">102.5dp</dimen>
  <dimen name="pad_21dp">107.625dp</dimen>
  <dimen name="pad_22dp">112.75dp</dimen>
  <dimen name="pad_23dp">117.875dp</dimen>
  <dimen name="pad_24dp">123.0dp</dimen>
  <dimen name="pad_25dp">128.125dp</dimen>
  <dimen name="pad_26dp">133.25dp</dimen>
  <dimen name="pad_27dp">138.375dp</dimen>
  <dimen name="pad_28dp">143.5dp</dimen>
  <dimen name="pad_29dp">148.625dp</dimen>
  <dimen name="pad_30dp">153.75dp</dimen>
  <dimen name="pad_31dp">158.875dp</dimen>
  <dimen name="pad_32dp">164.0dp</dimen>
  <dimen name="pad_33dp">169.125dp</dimen>
  <dimen name="pad_34dp">174.25dp</dimen>
  <dimen name="pad_35dp">179.375dp</dimen>
  <dimen name="pad_36dp">184.5dp</dimen>
  <dimen name="pad_37dp">189.625dp</dimen>
  <dimen name="pad_38dp">194.75dp</dimen>
  <dimen name="pad_39dp">199.875dp</dimen>
  <dimen name="pad_40dp">205.0dp</dimen>
  <dimen name="pad_41dp">210.125dp</dimen>
  <dimen name="pad_42dp">215.25dp</dimen>
  <dimen name="pad_43dp">220.375dp</dimen>
  <dimen name="pad_44dp">225.5dp</dimen>
  <dimen name="pad_45dp">230.625dp</dimen>
  <dimen name="pad_46dp">235.75dp</dimen>
  <dimen name="pad_47dp">240.875dp</dimen>
  <dimen name="pad_48dp">246.0dp</dimen>
  <dimen name="pad_49dp">251.125dp</dimen>
  <dimen name="pad_50dp">256.25dp</dimen>
  <dimen name="pad_51dp">261.375dp</dimen>
  <dimen name="pad_52dp">266.5dp</dimen>
  <dimen name="pad_53dp">271.625dp</dimen>
  <dimen name="pad_54dp">276.75dp</dimen>
  <dimen name="pad_55dp">281.875dp</dimen>
  <dimen name="pad_56dp">287.0dp</dimen>
  <dimen name="pad_57dp">292.125dp</dimen>
  <dimen name="pad_58dp">297.25dp</dimen>
  <dimen name="pad_59dp">302.375dp</dimen>
  <dimen name="pad_60dp">307.5dp</dimen>
  <dimen name="pad_61dp">312.625dp</dimen>
  <dimen name="pad_62dp">317.75dp</dimen>
  <dimen name="pad_63dp">322.875dp</dimen>
  <dimen name="pad_64dp">328.0dp</dimen>
  <dimen name="pad_65dp">333.125dp</dimen>
  <dimen name="pad_66dp">338.25dp</dimen>
  <dimen name="pad_67dp">343.375dp</dimen>
  <dimen name="pad_68dp">348.5dp</dimen>
  <dimen name="pad_69dp">353.625dp</dimen>
  <dimen name="pad_70dp">358.75dp</dimen>
  <dimen name="pad_71dp">363.875dp</dimen>
  <dimen name="pad_72dp">369.0dp</dimen>
  <dimen name="pad_73dp">374.125dp</dimen>
  <dimen name="pad_74dp">379.25dp</dimen>
  <dimen name="pad_75dp">384.375dp</dimen>
  <dimen name="pad_76dp">389.5dp</dimen>
  <dimen name="pad_77dp">394.625dp</dimen>
  <dimen name="pad_78dp">399.75dp</dimen>
  <dimen name="pad_79dp">404.875dp</dimen>
  <dimen name="pad_80dp">410.0dp</dimen>
  <dimen name="pad_81dp">415.125dp</dimen>
  <dimen name="pad_82dp">420.25dp</dimen>
  <dimen name="pad_83dp">425.375dp</dimen>
  <dimen name="pad_84dp">430.5dp</dimen>
  <dimen name="pad_85dp">435.625dp</dimen>
  <dimen name="pad_86dp">440.75dp</dimen>
  <dimen name="pad_87dp">445.875dp</dimen>
  <dimen name="pad_88dp">451.0dp</dimen>
  <dimen name="pad_89dp">456.125dp</dimen>
  <dimen name="pad_90dp">461.25dp</dimen>
  <dimen name="pad_91dp">466.375dp</dimen>
  <dimen name="pad_92dp">471.5dp</dimen>
  <dimen name="pad_93dp">476.625dp</dimen>
  <dimen name="pad_94dp">481.75dp</dimen>
  <dimen name="pad_95dp">486.875dp</dimen>
  <dimen name="pad_96dp">492.0dp</dimen>
  <dimen name="pad_97dp">497.125dp</dimen>
  <dimen name="pad_98dp">502.25dp</dimen>
  <dimen name="pad_99dp">507.375dp</dimen>
  <dimen name="pad_100dp">512.5dp</dimen>
  <dimen name="pad_101dp">517.625dp</dimen>
  <dimen name="pad_102dp">522.75dp</dimen>
  <dimen name="pad_103dp">527.875dp</dimen>
  <dimen name="pad_104dp">533.0dp</dimen>
  <dimen name="pad_105dp">538.125dp</dimen>
  <dimen name="pad_106dp">543.25dp</dimen>
  <dimen name="pad_107dp">548.375dp</dimen>
  <dimen name="pad_108dp">553.5dp</dimen>
  <dimen name="pad_109dp">558.625dp</dimen>
  <dimen name="pad_110dp">563.75dp</dimen>
  <dimen name="pad_111dp">568.875dp</dimen>
  <dimen name="pad_112dp">574.0dp</dimen>
  <dimen name="pad_113dp">579.125dp</dimen>
  <dimen name="pad_114dp">584.25dp</dimen>
  <dimen name="pad_115dp">589.375dp</dimen>
  <dimen name="pad_116dp">594.5dp</dimen>
  <dimen name="pad_117dp">599.625dp</dimen>
  <dimen name="pad_118dp">604.75dp</dimen>
  <dimen name="pad_119dp">609.875dp</dimen>
  <dimen name="pad_120dp">615.0dp</dimen>
  <dimen name="pad_121dp">620.125dp</dimen>
  <dimen name="pad_122dp">625.25dp</dimen>
  <dimen name="pad_123dp">630.375dp</dimen>
  <dimen name="pad_124dp">635.5dp</dimen>
  <dimen name="pad_125dp">640.625dp</dimen>
  <dimen name="pad_126dp">645.75dp</dimen>
  <dimen name="pad_127dp">650.875dp</dimen>
  <dimen name="pad_128dp">656.0dp</dimen>
  <dimen name="pad_129dp">661.125dp</dimen>
  <dimen name="pad_130dp">666.25dp</dimen>
  <dimen name="pad_131dp">671.375dp</dimen>
  <dimen name="pad_132dp">676.5dp</dimen>
  <dimen name="pad_133dp">681.625dp</dimen>
  <dimen name="pad_134dp">686.75dp</dimen>
  <dimen name="pad_135dp">691.875dp</dimen>
  <dimen name="pad_136dp">697.0dp</dimen>
  <dimen name="pad_137dp">702.125dp</dimen>
  <dimen name="pad_138dp">707.25dp</dimen>
  <dimen name="pad_139dp">712.375dp</dimen>
  <dimen name="pad_140dp">717.5dp</dimen>
  <dimen name="pad_141dp">722.625dp</dimen>
  <dimen name="pad_142dp">727.75dp</dimen>
  <dimen name="pad_143dp">732.875dp</dimen>
  <dimen name="pad_144dp">738.0dp</dimen>
  <dimen name="pad_145dp">743.125dp</dimen>
  <dimen name="pad_146dp">748.25dp</dimen>
  <dimen name="pad_147dp">753.375dp</dimen>
  <dimen name="pad_148dp">758.5dp</dimen>
  <dimen name="pad_149dp">763.625dp</dimen>
  <dimen name="pad_150dp">768.75dp</dimen>
  <dimen name="pad_151dp">773.875dp</dimen>
  <dimen name="pad_152dp">779.0dp</dimen>
  <dimen name="pad_153dp">784.125dp</dimen>
  <dimen name="pad_154dp">789.25dp</dimen>
  <dimen name="pad_155dp">794.375dp</dimen>
  <dimen name="pad_156dp">799.5dp</dimen>
  <dimen name="pad_157dp">804.625dp</dimen>
  <dimen name="pad_158dp">809.75dp</dimen>
  <dimen name="pad_159dp">814.875dp</dimen>
  <dimen name="pad_160dp">820.0dp</dimen>
  <dimen name="pad_161dp">825.125dp</dimen>
  <dimen name="pad_162dp">830.25dp</dimen>
  <dimen name="pad_163dp">835.375dp</dimen>
  <dimen name="pad_164dp">840.5dp</dimen>
  <dimen name="pad_165dp">845.625dp</dimen>
  <dimen name="pad_166dp">850.75dp</dimen>
  <dimen name="pad_167dp">855.875dp</dimen>
  <dimen name="pad_168dp">861.0dp</dimen>
  <dimen name="pad_169dp">866.125dp</dimen>
  <dimen name="pad_170dp">871.25dp</dimen>
  <dimen name="pad_171dp">876.375dp</dimen>
  <dimen name="pad_172dp">881.5dp</dimen>
  <dimen name="pad_173dp">886.625dp</dimen>
  <dimen name="pad_174dp">891.75dp</dimen>
  <dimen name="pad_175dp">896.875dp</dimen>
  <dimen name="pad_176dp">902.0dp</dimen>
  <dimen name="pad_177dp">907.125dp</dimen>
  <dimen name="pad_178dp">912.25dp</dimen>
  <dimen name="pad_179dp">917.375dp</dimen>
  <dimen name="pad_180dp">922.5dp</dimen>
  <dimen name="pad_181dp">927.625dp</dimen>
  <dimen name="pad_182dp">932.75dp</dimen>
  <dimen name="pad_183dp">937.875dp</dimen>
  <dimen name="pad_184dp">943.0dp</dimen>
  <dimen name="pad_185dp">948.125dp</dimen>
  <dimen name="pad_186dp">953.25dp</dimen>
  <dimen name="pad_187dp">958.375dp</dimen>
  <dimen name="pad_188dp">963.5dp</dimen>
  <dimen name="pad_189dp">968.625dp</dimen>
  <dimen name="pad_190dp">973.75dp</dimen>
  <dimen name="pad_191dp">978.875dp</dimen>
  <dimen name="pad_192dp">984.0dp</dimen>
  <dimen name="pad_193dp">989.125dp</dimen>
  <dimen name="pad_194dp">994.25dp</dimen>
  <dimen name="pad_195dp">999.375dp</dimen>
  <dimen name="pad_196dp">1004.5dp</dimen>
  <dimen name="pad_197dp">1009.625dp</dimen>
  <dimen name="pad_198dp">1014.75dp</dimen>
  <dimen name="pad_199dp">1019.875dp</dimen>
  <dimen name="pad_200dp">1025.0dp</dimen>
  <dimen name="pad_201dp">1030.125dp</dimen>
  <dimen name="pad_202dp">1035.25dp</dimen>
  <dimen name="pad_203dp">1040.375dp</dimen>
  <dimen name="pad_204dp">1045.5dp</dimen>
  <dimen name="pad_205dp">1050.625dp</dimen>
  <dimen name="pad_206dp">1055.75dp</dimen>
  <dimen name="pad_207dp">1060.875dp</dimen>
  <dimen name="pad_208dp">1066.0dp</dimen>
  <dimen name="pad_209dp">1071.125dp</dimen>
  <dimen name="pad_210dp">1076.25dp</dimen>
  <dimen name="pad_211dp">1081.375dp</dimen>
  <dimen name="pad_212dp">1086.5dp</dimen>
  <dimen name="pad_213dp">1091.625dp</dimen>
  <dimen name="pad_214dp">1096.75dp</dimen>
  <dimen name="pad_215dp">1101.875dp</dimen>
  <dimen name="pad_216dp">1107.0dp</dimen>
  <dimen name="pad_217dp">1112.125dp</dimen>
  <dimen name="pad_218dp">1117.25dp</dimen>
  <dimen name="pad_219dp">1122.375dp</dimen>
  <dimen name="pad_220dp">1127.5dp</dimen>
  <dimen name="pad_221dp">1132.625dp</dimen>
  <dimen name="pad_222dp">1137.75dp</dimen>
  <dimen name="pad_223dp">1142.875dp</dimen>
  <dimen name="pad_224dp">1148.0dp</dimen>
  <dimen name="pad_225dp">1153.125dp</dimen>
  <dimen name="pad_226dp">1158.25dp</dimen>
  <dimen name="pad_227dp">1163.375dp</dimen>
  <dimen name="pad_228dp">1168.5dp</dimen>
  <dimen name="pad_229dp">1173.625dp</dimen>
  <dimen name="pad_230dp">1178.75dp</dimen>
  <dimen name="pad_231dp">1183.875dp</dimen>
  <dimen name="pad_232dp">1189.0dp</dimen>
  <dimen name="pad_233dp">1194.125dp</dimen>
  <dimen name="pad_234dp">1199.25dp</dimen>
  <dimen name="pad_235dp">1204.375dp</dimen>
  <dimen name="pad_236dp">1209.5dp</dimen>
  <dimen name="pad_237dp">1214.625dp</dimen>
  <dimen name="pad_238dp">1219.75dp</dimen>
  <dimen name="pad_239dp">1224.875dp</dimen>
  <dimen name="pad_240dp">1230.0dp</dimen>
  <dimen name="pad_241dp">1235.125dp</dimen>
  <dimen name="pad_242dp">1240.25dp</dimen>
  <dimen name="pad_243dp">1245.375dp</dimen>
  <dimen name="pad_244dp">1250.5dp</dimen>
  <dimen name="pad_245dp">1255.625dp</dimen>
  <dimen name="pad_246dp">1260.75dp</dimen>
  <dimen name="pad_247dp">1265.875dp</dimen>
  <dimen name="pad_248dp">1271.0dp</dimen>
  <dimen name="pad_249dp">1276.125dp</dimen>
  <dimen name="pad_250dp">1281.25dp</dimen>
  <dimen name="pad_251dp">1286.375dp</dimen>
  <dimen name="pad_252dp">1291.5dp</dimen>
  <dimen name="pad_253dp">1296.625dp</dimen>
  <dimen name="pad_254dp">1301.75dp</dimen>
  <dimen name="pad_255dp">1306.875dp</dimen>
  <dimen name="pad_256dp">1312.0dp</dimen>
  <dimen name="pad_257dp">1317.125dp</dimen>
  <dimen name="pad_258dp">1322.25dp</dimen>
  <dimen name="pad_259dp">1327.375dp</dimen>
  <dimen name="pad_260dp">1332.5dp</dimen>
  <dimen name="pad_261dp">1337.625dp</dimen>
  <dimen name="pad_262dp">1342.75dp</dimen>
  <dimen name="pad_263dp">1347.875dp</dimen>
  <dimen name="pad_264dp">1353.0dp</dimen>
  <dimen name="pad_265dp">1358.125dp</dimen>
  <dimen name="pad_266dp">1363.25dp</dimen>
  <dimen name="pad_267dp">1368.375dp</dimen>
  <dimen name="pad_268dp">1373.5dp</dimen>
  <dimen name="pad_269dp">1378.625dp</dimen>
  <dimen name="pad_270dp">1383.75dp</dimen>
  <dimen name="pad_271dp">1388.875dp</dimen>
  <dimen name="pad_272dp">1394.0dp</dimen>
  <dimen name="pad_273dp">1399.125dp</dimen>
  <dimen name="pad_274dp">1404.25dp</dimen>
  <dimen name="pad_275dp">1409.375dp</dimen>
  <dimen name="pad_276dp">1414.5dp</dimen>
  <dimen name="pad_277dp">1419.625dp</dimen>
  <dimen name="pad_278dp">1424.75dp</dimen>
  <dimen name="pad_279dp">1429.875dp</dimen>
  <dimen name="pad_280dp">1435.0dp</dimen>
  <dimen name="pad_281dp">1440.125dp</dimen>
  <dimen name="pad_282dp">1445.25dp</dimen>
  <dimen name="pad_283dp">1450.375dp</dimen>
  <dimen name="pad_284dp">1455.5dp</dimen>
  <dimen name="pad_285dp">1460.625dp</dimen>
  <dimen name="pad_286dp">1465.75dp</dimen>
  <dimen name="pad_287dp">1470.875dp</dimen>
  <dimen name="pad_288dp">1476.0dp</dimen>
  <dimen name="pad_289dp">1481.125dp</dimen>
  <dimen name="pad_290dp">1486.25dp</dimen>
  <dimen name="pad_291dp">1491.375dp</dimen>
  <dimen name="pad_292dp">1496.5dp</dimen>
  <dimen name="pad_293dp">1501.625dp</dimen>
  <dimen name="pad_294dp">1506.75dp</dimen>
  <dimen name="pad_295dp">1511.875dp</dimen>
  <dimen name="pad_296dp">1517.0dp</dimen>
  <dimen name="pad_297dp">1522.125dp</dimen>
  <dimen name="pad_298dp">1527.25dp</dimen>
  <dimen name="pad_299dp">1532.375dp</dimen>
  <dimen name="pad_300dp">1537.5dp</dimen>
  <dimen name="pad_301dp">1542.625dp</dimen>
  <dimen name="pad_302dp">1547.75dp</dimen>
  <dimen name="pad_303dp">1552.875dp</dimen>
  <dimen name="pad_304dp">1558.0dp</dimen>
  <dimen name="pad_305dp">1563.125dp</dimen>
  <dimen name="pad_306dp">1568.25dp</dimen>
  <dimen name="pad_307dp">1573.375dp</dimen>
  <dimen name="pad_308dp">1578.5dp</dimen>
  <dimen name="pad_309dp">1583.625dp</dimen>
  <dimen name="pad_310dp">1588.75dp</dimen>
  <dimen name="pad_311dp">1593.875dp</dimen>
  <dimen name="pad_312dp">1599.0dp</dimen>
  <dimen name="pad_313dp">1604.125dp</dimen>
  <dimen name="pad_314dp">1609.25dp</dimen>
  <dimen name="pad_315dp">1614.375dp</dimen>
  <dimen name="pad_316dp">1619.5dp</dimen>
  <dimen name="pad_317dp">1624.625dp</dimen>
  <dimen name="pad_318dp">1629.75dp</dimen>
  <dimen name="pad_319dp">1634.875dp</dimen>
  <dimen name="txt_0_sp">0.0sp</dimen>
  <dimen name="txt_1_sp">5.125sp</dimen>
  <dimen name="txt_2_sp">10.25sp</dimen>
  <dimen name="txt_3_sp">15.375sp</dimen>
  <dimen name="txt_4_sp">20.5sp</dimen>
  <dimen name="txt_5_sp">25.625sp</dimen>
  <dimen name="txt_6_sp">30.75sp</dimen>
  <dimen name="txt_7_sp">35.875sp</dimen>
  <dimen name="txt_8_sp">41.0sp</dimen>
  <dimen name="txt_9_sp">46.125sp</dimen>
  <dimen name="txt_10_sp">51.25sp</dimen>
  <dimen name="txt_11_sp">56.375sp</dimen>
  <dimen name="txt_12_sp">61.5sp</dimen>
  <dimen name="txt_13_sp">66.625sp</dimen>
  <dimen name="txt_14_sp">71.75sp</dimen>
  <dimen name="txt_15_sp">76.875sp</dimen>
  <dimen name="txt_16_sp">82.0sp</dimen>
  <dimen name="txt_17_sp">87.125sp</dimen>
  <dimen name="txt_18_sp">92.25sp</dimen>
  <dimen name="txt_19_sp">97.375sp</dimen>
  <dimen name="txt_20_sp">102.5sp</dimen>
  <dimen name="txt_21_sp">107.625sp</dimen>
  <dimen name="txt_22_sp">112.75sp</dimen>
  <dimen name="txt_23_sp">117.875sp</dimen>
  <dimen name="txt_24_sp">123.0sp</dimen>
  <dimen name="txt_25_sp">128.125sp</dimen>
  <dimen name="txt_26_sp">133.25sp</dimen>
  <dimen name="txt_27_sp">138.375sp</dimen>
  <dimen name="txt_28_sp">143.5sp</dimen>
  <dimen name="txt_29_sp">148.625sp</dimen>
  <dimen name="txt_35_sp">179.375sp</dimen>
</resources>