<?xml version='1.0' encoding='UTF-8' standalone='yes' ?>
<resources>
  <dimen name="pad_0dp">0.0dp</dimen>
  <dimen name="pad_1dp">4.5dp</dimen>
  <dimen name="pad_2dp">9.0dp</dimen>
  <dimen name="pad_3dp">13.5dp</dimen>
  <dimen name="pad_4dp">18.0dp</dimen>
  <dimen name="pad_5dp">22.5dp</dimen>
  <dimen name="pad_6dp">27.0dp</dimen>
  <dimen name="pad_7dp">31.5dp</dimen>
  <dimen name="pad_8dp">36.0dp</dimen>
  <dimen name="pad_9dp">40.5dp</dimen>
  <dimen name="pad_10dp">45.0dp</dimen>
  <dimen name="pad_11dp">49.5dp</dimen>
  <dimen name="pad_12dp">54.0dp</dimen>
  <dimen name="pad_13dp">58.5dp</dimen>
  <dimen name="pad_14dp">63.0dp</dimen>
  <dimen name="pad_15dp">67.5dp</dimen>
  <dimen name="pad_16dp">72.0dp</dimen>
  <dimen name="pad_17dp">76.5dp</dimen>
  <dimen name="pad_18dp">81.0dp</dimen>
  <dimen name="pad_19dp">85.5dp</dimen>
  <dimen name="pad_20dp">90.0dp</dimen>
  <dimen name="pad_21dp">94.5dp</dimen>
  <dimen name="pad_22dp">99.0dp</dimen>
  <dimen name="pad_23dp">103.5dp</dimen>
  <dimen name="pad_24dp">108.0dp</dimen>
  <dimen name="pad_25dp">112.5dp</dimen>
  <dimen name="pad_26dp">117.0dp</dimen>
  <dimen name="pad_27dp">121.5dp</dimen>
  <dimen name="pad_28dp">126.0dp</dimen>
  <dimen name="pad_29dp">130.5dp</dimen>
  <dimen name="pad_30dp">135.0dp</dimen>
  <dimen name="pad_31dp">139.5dp</dimen>
  <dimen name="pad_32dp">144.0dp</dimen>
  <dimen name="pad_33dp">148.5dp</dimen>
  <dimen name="pad_34dp">153.0dp</dimen>
  <dimen name="pad_35dp">157.5dp</dimen>
  <dimen name="pad_36dp">162.0dp</dimen>
  <dimen name="pad_37dp">166.5dp</dimen>
  <dimen name="pad_38dp">171.0dp</dimen>
  <dimen name="pad_39dp">175.5dp</dimen>
  <dimen name="pad_40dp">180.0dp</dimen>
  <dimen name="pad_41dp">184.5dp</dimen>
  <dimen name="pad_42dp">189.0dp</dimen>
  <dimen name="pad_43dp">193.5dp</dimen>
  <dimen name="pad_44dp">198.0dp</dimen>
  <dimen name="pad_45dp">202.5dp</dimen>
  <dimen name="pad_46dp">207.0dp</dimen>
  <dimen name="pad_47dp">211.5dp</dimen>
  <dimen name="pad_48dp">216.0dp</dimen>
  <dimen name="pad_49dp">220.5dp</dimen>
  <dimen name="pad_50dp">225.0dp</dimen>
  <dimen name="pad_51dp">229.5dp</dimen>
  <dimen name="pad_52dp">234.0dp</dimen>
  <dimen name="pad_53dp">238.5dp</dimen>
  <dimen name="pad_54dp">243.0dp</dimen>
  <dimen name="pad_55dp">247.5dp</dimen>
  <dimen name="pad_56dp">252.0dp</dimen>
  <dimen name="pad_57dp">256.5dp</dimen>
  <dimen name="pad_58dp">261.0dp</dimen>
  <dimen name="pad_59dp">265.5dp</dimen>
  <dimen name="pad_60dp">270.0dp</dimen>
  <dimen name="pad_61dp">274.5dp</dimen>
  <dimen name="pad_62dp">279.0dp</dimen>
  <dimen name="pad_63dp">283.5dp</dimen>
  <dimen name="pad_64dp">288.0dp</dimen>
  <dimen name="pad_65dp">292.5dp</dimen>
  <dimen name="pad_66dp">297.0dp</dimen>
  <dimen name="pad_67dp">301.5dp</dimen>
  <dimen name="pad_68dp">306.0dp</dimen>
  <dimen name="pad_69dp">310.5dp</dimen>
  <dimen name="pad_70dp">315.0dp</dimen>
  <dimen name="pad_71dp">319.5dp</dimen>
  <dimen name="pad_72dp">324.0dp</dimen>
  <dimen name="pad_73dp">328.5dp</dimen>
  <dimen name="pad_74dp">333.0dp</dimen>
  <dimen name="pad_75dp">337.5dp</dimen>
  <dimen name="pad_76dp">342.0dp</dimen>
  <dimen name="pad_77dp">346.5dp</dimen>
  <dimen name="pad_78dp">351.0dp</dimen>
  <dimen name="pad_79dp">355.5dp</dimen>
  <dimen name="pad_80dp">360.0dp</dimen>
  <dimen name="pad_81dp">364.5dp</dimen>
  <dimen name="pad_82dp">369.0dp</dimen>
  <dimen name="pad_83dp">373.5dp</dimen>
  <dimen name="pad_84dp">378.0dp</dimen>
  <dimen name="pad_85dp">382.5dp</dimen>
  <dimen name="pad_86dp">387.0dp</dimen>
  <dimen name="pad_87dp">391.5dp</dimen>
  <dimen name="pad_88dp">396.0dp</dimen>
  <dimen name="pad_89dp">400.5dp</dimen>
  <dimen name="pad_90dp">405.0dp</dimen>
  <dimen name="pad_91dp">409.5dp</dimen>
  <dimen name="pad_92dp">414.0dp</dimen>
  <dimen name="pad_93dp">418.5dp</dimen>
  <dimen name="pad_94dp">423.0dp</dimen>
  <dimen name="pad_95dp">427.5dp</dimen>
  <dimen name="pad_96dp">432.0dp</dimen>
  <dimen name="pad_97dp">436.5dp</dimen>
  <dimen name="pad_98dp">441.0dp</dimen>
  <dimen name="pad_99dp">445.5dp</dimen>
  <dimen name="pad_100dp">450.0dp</dimen>
  <dimen name="pad_101dp">454.5dp</dimen>
  <dimen name="pad_102dp">459.0dp</dimen>
  <dimen name="pad_103dp">463.5dp</dimen>
  <dimen name="pad_104dp">468.0dp</dimen>
  <dimen name="pad_105dp">472.5dp</dimen>
  <dimen name="pad_106dp">477.0dp</dimen>
  <dimen name="pad_107dp">481.5dp</dimen>
  <dimen name="pad_108dp">486.0dp</dimen>
  <dimen name="pad_109dp">490.5dp</dimen>
  <dimen name="pad_110dp">495.0dp</dimen>
  <dimen name="pad_111dp">499.5dp</dimen>
  <dimen name="pad_112dp">504.0dp</dimen>
  <dimen name="pad_113dp">508.5dp</dimen>
  <dimen name="pad_114dp">513.0dp</dimen>
  <dimen name="pad_115dp">517.5dp</dimen>
  <dimen name="pad_116dp">522.0dp</dimen>
  <dimen name="pad_117dp">526.5dp</dimen>
  <dimen name="pad_118dp">531.0dp</dimen>
  <dimen name="pad_119dp">535.5dp</dimen>
  <dimen name="pad_120dp">540.0dp</dimen>
  <dimen name="pad_121dp">544.5dp</dimen>
  <dimen name="pad_122dp">549.0dp</dimen>
  <dimen name="pad_123dp">553.5dp</dimen>
  <dimen name="pad_124dp">558.0dp</dimen>
  <dimen name="pad_125dp">562.5dp</dimen>
  <dimen name="pad_126dp">567.0dp</dimen>
  <dimen name="pad_127dp">571.5dp</dimen>
  <dimen name="pad_128dp">576.0dp</dimen>
  <dimen name="pad_129dp">580.5dp</dimen>
  <dimen name="pad_130dp">585.0dp</dimen>
  <dimen name="pad_131dp">589.5dp</dimen>
  <dimen name="pad_132dp">594.0dp</dimen>
  <dimen name="pad_133dp">598.5dp</dimen>
  <dimen name="pad_134dp">603.0dp</dimen>
  <dimen name="pad_135dp">607.5dp</dimen>
  <dimen name="pad_136dp">612.0dp</dimen>
  <dimen name="pad_137dp">616.5dp</dimen>
  <dimen name="pad_138dp">621.0dp</dimen>
  <dimen name="pad_139dp">625.5dp</dimen>
  <dimen name="pad_140dp">630.0dp</dimen>
  <dimen name="pad_141dp">634.5dp</dimen>
  <dimen name="pad_142dp">639.0dp</dimen>
  <dimen name="pad_143dp">643.5dp</dimen>
  <dimen name="pad_144dp">648.0dp</dimen>
  <dimen name="pad_145dp">652.5dp</dimen>
  <dimen name="pad_146dp">657.0dp</dimen>
  <dimen name="pad_147dp">661.5dp</dimen>
  <dimen name="pad_148dp">666.0dp</dimen>
  <dimen name="pad_149dp">670.5dp</dimen>
  <dimen name="pad_150dp">675.0dp</dimen>
  <dimen name="pad_151dp">679.5dp</dimen>
  <dimen name="pad_152dp">684.0dp</dimen>
  <dimen name="pad_153dp">688.5dp</dimen>
  <dimen name="pad_154dp">693.0dp</dimen>
  <dimen name="pad_155dp">697.5dp</dimen>
  <dimen name="pad_156dp">702.0dp</dimen>
  <dimen name="pad_157dp">706.5dp</dimen>
  <dimen name="pad_158dp">711.0dp</dimen>
  <dimen name="pad_159dp">715.5dp</dimen>
  <dimen name="pad_160dp">720.0dp</dimen>
  <dimen name="pad_161dp">724.5dp</dimen>
  <dimen name="pad_162dp">729.0dp</dimen>
  <dimen name="pad_163dp">733.5dp</dimen>
  <dimen name="pad_164dp">738.0dp</dimen>
  <dimen name="pad_165dp">742.5dp</dimen>
  <dimen name="pad_166dp">747.0dp</dimen>
  <dimen name="pad_167dp">751.5dp</dimen>
  <dimen name="pad_168dp">756.0dp</dimen>
  <dimen name="pad_169dp">760.5dp</dimen>
  <dimen name="pad_170dp">765.0dp</dimen>
  <dimen name="pad_171dp">769.5dp</dimen>
  <dimen name="pad_172dp">774.0dp</dimen>
  <dimen name="pad_173dp">778.5dp</dimen>
  <dimen name="pad_174dp">783.0dp</dimen>
  <dimen name="pad_175dp">787.5dp</dimen>
  <dimen name="pad_176dp">792.0dp</dimen>
  <dimen name="pad_177dp">796.5dp</dimen>
  <dimen name="pad_178dp">801.0dp</dimen>
  <dimen name="pad_179dp">805.5dp</dimen>
  <dimen name="pad_180dp">810.0dp</dimen>
  <dimen name="pad_181dp">814.5dp</dimen>
  <dimen name="pad_182dp">819.0dp</dimen>
  <dimen name="pad_183dp">823.5dp</dimen>
  <dimen name="pad_184dp">828.0dp</dimen>
  <dimen name="pad_185dp">832.5dp</dimen>
  <dimen name="pad_186dp">837.0dp</dimen>
  <dimen name="pad_187dp">841.5dp</dimen>
  <dimen name="pad_188dp">846.0dp</dimen>
  <dimen name="pad_189dp">850.5dp</dimen>
  <dimen name="pad_190dp">855.0dp</dimen>
  <dimen name="pad_191dp">859.5dp</dimen>
  <dimen name="pad_192dp">864.0dp</dimen>
  <dimen name="pad_193dp">868.5dp</dimen>
  <dimen name="pad_194dp">873.0dp</dimen>
  <dimen name="pad_195dp">877.5dp</dimen>
  <dimen name="pad_196dp">882.0dp</dimen>
  <dimen name="pad_197dp">886.5dp</dimen>
  <dimen name="pad_198dp">891.0dp</dimen>
  <dimen name="pad_199dp">895.5dp</dimen>
  <dimen name="pad_200dp">900.0dp</dimen>
  <dimen name="pad_201dp">904.5dp</dimen>
  <dimen name="pad_202dp">909.0dp</dimen>
  <dimen name="pad_203dp">913.5dp</dimen>
  <dimen name="pad_204dp">918.0dp</dimen>
  <dimen name="pad_205dp">922.5dp</dimen>
  <dimen name="pad_206dp">927.0dp</dimen>
  <dimen name="pad_207dp">931.5dp</dimen>
  <dimen name="pad_208dp">936.0dp</dimen>
  <dimen name="pad_209dp">940.5dp</dimen>
  <dimen name="pad_210dp">945.0dp</dimen>
  <dimen name="pad_211dp">949.5dp</dimen>
  <dimen name="pad_212dp">954.0dp</dimen>
  <dimen name="pad_213dp">958.5dp</dimen>
  <dimen name="pad_214dp">963.0dp</dimen>
  <dimen name="pad_215dp">967.5dp</dimen>
  <dimen name="pad_216dp">972.0dp</dimen>
  <dimen name="pad_217dp">976.5dp</dimen>
  <dimen name="pad_218dp">981.0dp</dimen>
  <dimen name="pad_219dp">985.5dp</dimen>
  <dimen name="pad_220dp">990.0dp</dimen>
  <dimen name="pad_221dp">994.5dp</dimen>
  <dimen name="pad_222dp">999.0dp</dimen>
  <dimen name="pad_223dp">1003.5dp</dimen>
  <dimen name="pad_224dp">1008.0dp</dimen>
  <dimen name="pad_225dp">1012.5dp</dimen>
  <dimen name="pad_226dp">1017.0dp</dimen>
  <dimen name="pad_227dp">1021.5dp</dimen>
  <dimen name="pad_228dp">1026.0dp</dimen>
  <dimen name="pad_229dp">1030.5dp</dimen>
  <dimen name="pad_230dp">1035.0dp</dimen>
  <dimen name="pad_231dp">1039.5dp</dimen>
  <dimen name="pad_232dp">1044.0dp</dimen>
  <dimen name="pad_233dp">1048.5dp</dimen>
  <dimen name="pad_234dp">1053.0dp</dimen>
  <dimen name="pad_235dp">1057.5dp</dimen>
  <dimen name="pad_236dp">1062.0dp</dimen>
  <dimen name="pad_237dp">1066.5dp</dimen>
  <dimen name="pad_238dp">1071.0dp</dimen>
  <dimen name="pad_239dp">1075.5dp</dimen>
  <dimen name="pad_240dp">1080.0dp</dimen>
  <dimen name="pad_241dp">1084.5dp</dimen>
  <dimen name="pad_242dp">1089.0dp</dimen>
  <dimen name="pad_243dp">1093.5dp</dimen>
  <dimen name="pad_244dp">1098.0dp</dimen>
  <dimen name="pad_245dp">1102.5dp</dimen>
  <dimen name="pad_246dp">1107.0dp</dimen>
  <dimen name="pad_247dp">1111.5dp</dimen>
  <dimen name="pad_248dp">1116.0dp</dimen>
  <dimen name="pad_249dp">1120.5dp</dimen>
  <dimen name="pad_250dp">1125.0dp</dimen>
  <dimen name="pad_251dp">1129.5dp</dimen>
  <dimen name="pad_252dp">1134.0dp</dimen>
  <dimen name="pad_253dp">1138.5dp</dimen>
  <dimen name="pad_254dp">1143.0dp</dimen>
  <dimen name="pad_255dp">1147.5dp</dimen>
  <dimen name="pad_256dp">1152.0dp</dimen>
  <dimen name="pad_257dp">1156.5dp</dimen>
  <dimen name="pad_258dp">1161.0dp</dimen>
  <dimen name="pad_259dp">1165.5dp</dimen>
  <dimen name="pad_260dp">1170.0dp</dimen>
  <dimen name="pad_261dp">1174.5dp</dimen>
  <dimen name="pad_262dp">1179.0dp</dimen>
  <dimen name="pad_263dp">1183.5dp</dimen>
  <dimen name="pad_264dp">1188.0dp</dimen>
  <dimen name="pad_265dp">1192.5dp</dimen>
  <dimen name="pad_266dp">1197.0dp</dimen>
  <dimen name="pad_267dp">1201.5dp</dimen>
  <dimen name="pad_268dp">1206.0dp</dimen>
  <dimen name="pad_269dp">1210.5dp</dimen>
  <dimen name="pad_270dp">1215.0dp</dimen>
  <dimen name="pad_271dp">1219.5dp</dimen>
  <dimen name="pad_272dp">1224.0dp</dimen>
  <dimen name="pad_273dp">1228.5dp</dimen>
  <dimen name="pad_274dp">1233.0dp</dimen>
  <dimen name="pad_275dp">1237.5dp</dimen>
  <dimen name="pad_276dp">1242.0dp</dimen>
  <dimen name="pad_277dp">1246.5dp</dimen>
  <dimen name="pad_278dp">1251.0dp</dimen>
  <dimen name="pad_279dp">1255.5dp</dimen>
  <dimen name="pad_280dp">1260.0dp</dimen>
  <dimen name="pad_281dp">1264.5dp</dimen>
  <dimen name="pad_282dp">1269.0dp</dimen>
  <dimen name="pad_283dp">1273.5dp</dimen>
  <dimen name="pad_284dp">1278.0dp</dimen>
  <dimen name="pad_285dp">1282.5dp</dimen>
  <dimen name="pad_286dp">1287.0dp</dimen>
  <dimen name="pad_287dp">1291.5dp</dimen>
  <dimen name="pad_288dp">1296.0dp</dimen>
  <dimen name="pad_289dp">1300.5dp</dimen>
  <dimen name="pad_290dp">1305.0dp</dimen>
  <dimen name="pad_291dp">1309.5dp</dimen>
  <dimen name="pad_292dp">1314.0dp</dimen>
  <dimen name="pad_293dp">1318.5dp</dimen>
  <dimen name="pad_294dp">1323.0dp</dimen>
  <dimen name="pad_295dp">1327.5dp</dimen>
  <dimen name="pad_296dp">1332.0dp</dimen>
  <dimen name="pad_297dp">1336.5dp</dimen>
  <dimen name="pad_298dp">1341.0dp</dimen>
  <dimen name="pad_299dp">1345.5dp</dimen>
  <dimen name="pad_300dp">1350.0dp</dimen>
  <dimen name="pad_301dp">1354.5dp</dimen>
  <dimen name="pad_302dp">1359.0dp</dimen>
  <dimen name="pad_303dp">1363.5dp</dimen>
  <dimen name="pad_304dp">1368.0dp</dimen>
  <dimen name="pad_305dp">1372.5dp</dimen>
  <dimen name="pad_306dp">1377.0dp</dimen>
  <dimen name="pad_307dp">1381.5dp</dimen>
  <dimen name="pad_308dp">1386.0dp</dimen>
  <dimen name="pad_309dp">1390.5dp</dimen>
  <dimen name="pad_310dp">1395.0dp</dimen>
  <dimen name="pad_311dp">1399.5dp</dimen>
  <dimen name="pad_312dp">1404.0dp</dimen>
  <dimen name="pad_313dp">1408.5dp</dimen>
  <dimen name="pad_314dp">1413.0dp</dimen>
  <dimen name="pad_315dp">1417.5dp</dimen>
  <dimen name="pad_316dp">1422.0dp</dimen>
  <dimen name="pad_317dp">1426.5dp</dimen>
  <dimen name="pad_318dp">1431.0dp</dimen>
  <dimen name="pad_319dp">1435.5dp</dimen>
  <dimen name="txt_0_sp">0.0sp</dimen>
  <dimen name="txt_1_sp">4.5sp</dimen>
  <dimen name="txt_2_sp">9.0sp</dimen>
  <dimen name="txt_3_sp">13.5sp</dimen>
  <dimen name="txt_4_sp">18.0sp</dimen>
  <dimen name="txt_5_sp">22.5sp</dimen>
  <dimen name="txt_6_sp">27.0sp</dimen>
  <dimen name="txt_7_sp">31.5sp</dimen>
  <dimen name="txt_8_sp">36.0sp</dimen>
  <dimen name="txt_9_sp">40.5sp</dimen>
  <dimen name="txt_10_sp">45.0sp</dimen>
  <dimen name="txt_11_sp">49.5sp</dimen>
  <dimen name="txt_12_sp">54.0sp</dimen>
  <dimen name="txt_13_sp">58.5sp</dimen>
  <dimen name="txt_14_sp">63.0sp</dimen>
  <dimen name="txt_15_sp">67.5sp</dimen>
  <dimen name="txt_16_sp">72.0sp</dimen>
  <dimen name="txt_17_sp">76.5sp</dimen>
  <dimen name="txt_18_sp">81.0sp</dimen>
  <dimen name="txt_19_sp">85.5sp</dimen>
  <dimen name="txt_20_sp">90.0sp</dimen>
  <dimen name="txt_21_sp">94.5sp</dimen>
  <dimen name="txt_22_sp">99.0sp</dimen>
  <dimen name="txt_23_sp">103.5sp</dimen>
  <dimen name="txt_24_sp">108.0sp</dimen>
  <dimen name="txt_25_sp">112.5sp</dimen>
  <dimen name="txt_26_sp">117.0sp</dimen>
  <dimen name="txt_27_sp">121.5sp</dimen>
  <dimen name="txt_28_sp">126.0sp</dimen>
  <dimen name="txt_29_sp">130.5sp</dimen>
  <dimen name="txt_35_sp">157.5sp</dimen>
</resources>