<?xml version='1.0' encoding='UTF-8' standalone='yes' ?>
<resources>
  <dimen name="pad_0dp">0.0dp</dimen>
  <dimen name="pad_1dp">2.0dp</dimen>
  <dimen name="pad_2dp">4.0dp</dimen>
  <dimen name="pad_3dp">6.0dp</dimen>
  <dimen name="pad_4dp">8.0dp</dimen>
  <dimen name="pad_5dp">10.0dp</dimen>
  <dimen name="pad_6dp">12.0dp</dimen>
  <dimen name="pad_7dp">14.0dp</dimen>
  <dimen name="pad_8dp">16.0dp</dimen>
  <dimen name="pad_9dp">18.0dp</dimen>
  <dimen name="pad_10dp">20.0dp</dimen>
  <dimen name="pad_11dp">22.0dp</dimen>
  <dimen name="pad_12dp">24.0dp</dimen>
  <dimen name="pad_13dp">26.0dp</dimen>
  <dimen name="pad_14dp">28.0dp</dimen>
  <dimen name="pad_15dp">30.0dp</dimen>
  <dimen name="pad_16dp">32.0dp</dimen>
  <dimen name="pad_17dp">34.0dp</dimen>
  <dimen name="pad_18dp">36.0dp</dimen>
  <dimen name="pad_19dp">38.0dp</dimen>
  <dimen name="pad_20dp">40.0dp</dimen>
  <dimen name="pad_21dp">42.0dp</dimen>
  <dimen name="pad_22dp">44.0dp</dimen>
  <dimen name="pad_23dp">46.0dp</dimen>
  <dimen name="pad_24dp">48.0dp</dimen>
  <dimen name="pad_25dp">50.0dp</dimen>
  <dimen name="pad_26dp">52.0dp</dimen>
  <dimen name="pad_27dp">54.0dp</dimen>
  <dimen name="pad_28dp">56.0dp</dimen>
  <dimen name="pad_29dp">58.0dp</dimen>
  <dimen name="pad_30dp">60.0dp</dimen>
  <dimen name="pad_31dp">62.0dp</dimen>
  <dimen name="pad_32dp">64.0dp</dimen>
  <dimen name="pad_33dp">66.0dp</dimen>
  <dimen name="pad_34dp">68.0dp</dimen>
  <dimen name="pad_35dp">70.0dp</dimen>
  <dimen name="pad_36dp">72.0dp</dimen>
  <dimen name="pad_37dp">74.0dp</dimen>
  <dimen name="pad_38dp">76.0dp</dimen>
  <dimen name="pad_39dp">78.0dp</dimen>
  <dimen name="pad_40dp">80.0dp</dimen>
  <dimen name="pad_41dp">82.0dp</dimen>
  <dimen name="pad_42dp">84.0dp</dimen>
  <dimen name="pad_43dp">86.0dp</dimen>
  <dimen name="pad_44dp">88.0dp</dimen>
  <dimen name="pad_45dp">90.0dp</dimen>
  <dimen name="pad_46dp">92.0dp</dimen>
  <dimen name="pad_47dp">94.0dp</dimen>
  <dimen name="pad_48dp">96.0dp</dimen>
  <dimen name="pad_49dp">98.0dp</dimen>
  <dimen name="pad_50dp">100.0dp</dimen>
  <dimen name="pad_51dp">102.0dp</dimen>
  <dimen name="pad_52dp">104.0dp</dimen>
  <dimen name="pad_53dp">106.0dp</dimen>
  <dimen name="pad_54dp">108.0dp</dimen>
  <dimen name="pad_55dp">110.0dp</dimen>
  <dimen name="pad_56dp">112.0dp</dimen>
  <dimen name="pad_57dp">114.0dp</dimen>
  <dimen name="pad_58dp">116.0dp</dimen>
  <dimen name="pad_59dp">118.0dp</dimen>
  <dimen name="pad_60dp">120.0dp</dimen>
  <dimen name="pad_61dp">122.0dp</dimen>
  <dimen name="pad_62dp">124.0dp</dimen>
  <dimen name="pad_63dp">126.0dp</dimen>
  <dimen name="pad_64dp">128.0dp</dimen>
  <dimen name="pad_65dp">130.0dp</dimen>
  <dimen name="pad_66dp">132.0dp</dimen>
  <dimen name="pad_67dp">134.0dp</dimen>
  <dimen name="pad_68dp">136.0dp</dimen>
  <dimen name="pad_69dp">138.0dp</dimen>
  <dimen name="pad_70dp">140.0dp</dimen>
  <dimen name="pad_71dp">142.0dp</dimen>
  <dimen name="pad_72dp">144.0dp</dimen>
  <dimen name="pad_73dp">146.0dp</dimen>
  <dimen name="pad_74dp">148.0dp</dimen>
  <dimen name="pad_75dp">150.0dp</dimen>
  <dimen name="pad_76dp">152.0dp</dimen>
  <dimen name="pad_77dp">154.0dp</dimen>
  <dimen name="pad_78dp">156.0dp</dimen>
  <dimen name="pad_79dp">158.0dp</dimen>
  <dimen name="pad_80dp">160.0dp</dimen>
  <dimen name="pad_81dp">162.0dp</dimen>
  <dimen name="pad_82dp">164.0dp</dimen>
  <dimen name="pad_83dp">166.0dp</dimen>
  <dimen name="pad_84dp">168.0dp</dimen>
  <dimen name="pad_85dp">170.0dp</dimen>
  <dimen name="pad_86dp">172.0dp</dimen>
  <dimen name="pad_87dp">174.0dp</dimen>
  <dimen name="pad_88dp">176.0dp</dimen>
  <dimen name="pad_89dp">178.0dp</dimen>
  <dimen name="pad_90dp">180.0dp</dimen>
  <dimen name="pad_91dp">182.0dp</dimen>
  <dimen name="pad_92dp">184.0dp</dimen>
  <dimen name="pad_93dp">186.0dp</dimen>
  <dimen name="pad_94dp">188.0dp</dimen>
  <dimen name="pad_95dp">190.0dp</dimen>
  <dimen name="pad_96dp">192.0dp</dimen>
  <dimen name="pad_97dp">194.0dp</dimen>
  <dimen name="pad_98dp">196.0dp</dimen>
  <dimen name="pad_99dp">198.0dp</dimen>
  <dimen name="pad_100dp">200.0dp</dimen>
  <dimen name="pad_101dp">202.0dp</dimen>
  <dimen name="pad_102dp">204.0dp</dimen>
  <dimen name="pad_103dp">206.0dp</dimen>
  <dimen name="pad_104dp">208.0dp</dimen>
  <dimen name="pad_105dp">210.0dp</dimen>
  <dimen name="pad_106dp">212.0dp</dimen>
  <dimen name="pad_107dp">214.0dp</dimen>
  <dimen name="pad_108dp">216.0dp</dimen>
  <dimen name="pad_109dp">218.0dp</dimen>
  <dimen name="pad_110dp">220.0dp</dimen>
  <dimen name="pad_111dp">222.0dp</dimen>
  <dimen name="pad_112dp">224.0dp</dimen>
  <dimen name="pad_113dp">226.0dp</dimen>
  <dimen name="pad_114dp">228.0dp</dimen>
  <dimen name="pad_115dp">230.0dp</dimen>
  <dimen name="pad_116dp">232.0dp</dimen>
  <dimen name="pad_117dp">234.0dp</dimen>
  <dimen name="pad_118dp">236.0dp</dimen>
  <dimen name="pad_119dp">238.0dp</dimen>
  <dimen name="pad_120dp">240.0dp</dimen>
  <dimen name="pad_121dp">242.0dp</dimen>
  <dimen name="pad_122dp">244.0dp</dimen>
  <dimen name="pad_123dp">246.0dp</dimen>
  <dimen name="pad_124dp">248.0dp</dimen>
  <dimen name="pad_125dp">250.0dp</dimen>
  <dimen name="pad_126dp">252.0dp</dimen>
  <dimen name="pad_127dp">254.0dp</dimen>
  <dimen name="pad_128dp">256.0dp</dimen>
  <dimen name="pad_129dp">258.0dp</dimen>
  <dimen name="pad_130dp">260.0dp</dimen>
  <dimen name="pad_131dp">262.0dp</dimen>
  <dimen name="pad_132dp">264.0dp</dimen>
  <dimen name="pad_133dp">266.0dp</dimen>
  <dimen name="pad_134dp">268.0dp</dimen>
  <dimen name="pad_135dp">270.0dp</dimen>
  <dimen name="pad_136dp">272.0dp</dimen>
  <dimen name="pad_137dp">274.0dp</dimen>
  <dimen name="pad_138dp">276.0dp</dimen>
  <dimen name="pad_139dp">278.0dp</dimen>
  <dimen name="pad_140dp">280.0dp</dimen>
  <dimen name="pad_141dp">282.0dp</dimen>
  <dimen name="pad_142dp">284.0dp</dimen>
  <dimen name="pad_143dp">286.0dp</dimen>
  <dimen name="pad_144dp">288.0dp</dimen>
  <dimen name="pad_145dp">290.0dp</dimen>
  <dimen name="pad_146dp">292.0dp</dimen>
  <dimen name="pad_147dp">294.0dp</dimen>
  <dimen name="pad_148dp">296.0dp</dimen>
  <dimen name="pad_149dp">298.0dp</dimen>
  <dimen name="pad_150dp">300.0dp</dimen>
  <dimen name="pad_151dp">302.0dp</dimen>
  <dimen name="pad_152dp">304.0dp</dimen>
  <dimen name="pad_153dp">306.0dp</dimen>
  <dimen name="pad_154dp">308.0dp</dimen>
  <dimen name="pad_155dp">310.0dp</dimen>
  <dimen name="pad_156dp">312.0dp</dimen>
  <dimen name="pad_157dp">314.0dp</dimen>
  <dimen name="pad_158dp">316.0dp</dimen>
  <dimen name="pad_159dp">318.0dp</dimen>
  <dimen name="pad_160dp">320.0dp</dimen>
  <dimen name="pad_161dp">322.0dp</dimen>
  <dimen name="pad_162dp">324.0dp</dimen>
  <dimen name="pad_163dp">326.0dp</dimen>
  <dimen name="pad_164dp">328.0dp</dimen>
  <dimen name="pad_165dp">330.0dp</dimen>
  <dimen name="pad_166dp">332.0dp</dimen>
  <dimen name="pad_167dp">334.0dp</dimen>
  <dimen name="pad_168dp">336.0dp</dimen>
  <dimen name="pad_169dp">338.0dp</dimen>
  <dimen name="pad_170dp">340.0dp</dimen>
  <dimen name="pad_171dp">342.0dp</dimen>
  <dimen name="pad_172dp">344.0dp</dimen>
  <dimen name="pad_173dp">346.0dp</dimen>
  <dimen name="pad_174dp">348.0dp</dimen>
  <dimen name="pad_175dp">350.0dp</dimen>
  <dimen name="pad_176dp">352.0dp</dimen>
  <dimen name="pad_177dp">354.0dp</dimen>
  <dimen name="pad_178dp">356.0dp</dimen>
  <dimen name="pad_179dp">358.0dp</dimen>
  <dimen name="pad_180dp">360.0dp</dimen>
  <dimen name="pad_181dp">362.0dp</dimen>
  <dimen name="pad_182dp">364.0dp</dimen>
  <dimen name="pad_183dp">366.0dp</dimen>
  <dimen name="pad_184dp">368.0dp</dimen>
  <dimen name="pad_185dp">370.0dp</dimen>
  <dimen name="pad_186dp">372.0dp</dimen>
  <dimen name="pad_187dp">374.0dp</dimen>
  <dimen name="pad_188dp">376.0dp</dimen>
  <dimen name="pad_189dp">378.0dp</dimen>
  <dimen name="pad_190dp">380.0dp</dimen>
  <dimen name="pad_191dp">382.0dp</dimen>
  <dimen name="pad_192dp">384.0dp</dimen>
  <dimen name="pad_193dp">386.0dp</dimen>
  <dimen name="pad_194dp">388.0dp</dimen>
  <dimen name="pad_195dp">390.0dp</dimen>
  <dimen name="pad_196dp">392.0dp</dimen>
  <dimen name="pad_197dp">394.0dp</dimen>
  <dimen name="pad_198dp">396.0dp</dimen>
  <dimen name="pad_199dp">398.0dp</dimen>
  <dimen name="pad_200dp">400.0dp</dimen>
  <dimen name="pad_201dp">402.0dp</dimen>
  <dimen name="pad_202dp">404.0dp</dimen>
  <dimen name="pad_203dp">406.0dp</dimen>
  <dimen name="pad_204dp">408.0dp</dimen>
  <dimen name="pad_205dp">410.0dp</dimen>
  <dimen name="pad_206dp">412.0dp</dimen>
  <dimen name="pad_207dp">414.0dp</dimen>
  <dimen name="pad_208dp">416.0dp</dimen>
  <dimen name="pad_209dp">418.0dp</dimen>
  <dimen name="pad_210dp">420.0dp</dimen>
  <dimen name="pad_211dp">422.0dp</dimen>
  <dimen name="pad_212dp">424.0dp</dimen>
  <dimen name="pad_213dp">426.0dp</dimen>
  <dimen name="pad_214dp">428.0dp</dimen>
  <dimen name="pad_215dp">430.0dp</dimen>
  <dimen name="pad_216dp">432.0dp</dimen>
  <dimen name="pad_217dp">434.0dp</dimen>
  <dimen name="pad_218dp">436.0dp</dimen>
  <dimen name="pad_219dp">438.0dp</dimen>
  <dimen name="pad_220dp">440.0dp</dimen>
  <dimen name="pad_221dp">442.0dp</dimen>
  <dimen name="pad_222dp">444.0dp</dimen>
  <dimen name="pad_223dp">446.0dp</dimen>
  <dimen name="pad_224dp">448.0dp</dimen>
  <dimen name="pad_225dp">450.0dp</dimen>
  <dimen name="pad_226dp">452.0dp</dimen>
  <dimen name="pad_227dp">454.0dp</dimen>
  <dimen name="pad_228dp">456.0dp</dimen>
  <dimen name="pad_229dp">458.0dp</dimen>
  <dimen name="pad_230dp">460.0dp</dimen>
  <dimen name="pad_231dp">462.0dp</dimen>
  <dimen name="pad_232dp">464.0dp</dimen>
  <dimen name="pad_233dp">466.0dp</dimen>
  <dimen name="pad_234dp">468.0dp</dimen>
  <dimen name="pad_235dp">470.0dp</dimen>
  <dimen name="pad_236dp">472.0dp</dimen>
  <dimen name="pad_237dp">474.0dp</dimen>
  <dimen name="pad_238dp">476.0dp</dimen>
  <dimen name="pad_239dp">478.0dp</dimen>
  <dimen name="pad_240dp">480.0dp</dimen>
  <dimen name="pad_241dp">482.0dp</dimen>
  <dimen name="pad_242dp">484.0dp</dimen>
  <dimen name="pad_243dp">486.0dp</dimen>
  <dimen name="pad_244dp">488.0dp</dimen>
  <dimen name="pad_245dp">490.0dp</dimen>
  <dimen name="pad_246dp">492.0dp</dimen>
  <dimen name="pad_247dp">494.0dp</dimen>
  <dimen name="pad_248dp">496.0dp</dimen>
  <dimen name="pad_249dp">498.0dp</dimen>
  <dimen name="pad_250dp">500.0dp</dimen>
  <dimen name="pad_251dp">502.0dp</dimen>
  <dimen name="pad_252dp">504.0dp</dimen>
  <dimen name="pad_253dp">506.0dp</dimen>
  <dimen name="pad_254dp">508.0dp</dimen>
  <dimen name="pad_255dp">510.0dp</dimen>
  <dimen name="pad_256dp">512.0dp</dimen>
  <dimen name="pad_257dp">514.0dp</dimen>
  <dimen name="pad_258dp">516.0dp</dimen>
  <dimen name="pad_259dp">518.0dp</dimen>
  <dimen name="pad_260dp">520.0dp</dimen>
  <dimen name="pad_261dp">522.0dp</dimen>
  <dimen name="pad_262dp">524.0dp</dimen>
  <dimen name="pad_263dp">526.0dp</dimen>
  <dimen name="pad_264dp">528.0dp</dimen>
  <dimen name="pad_265dp">530.0dp</dimen>
  <dimen name="pad_266dp">532.0dp</dimen>
  <dimen name="pad_267dp">534.0dp</dimen>
  <dimen name="pad_268dp">536.0dp</dimen>
  <dimen name="pad_269dp">538.0dp</dimen>
  <dimen name="pad_270dp">540.0dp</dimen>
  <dimen name="pad_271dp">542.0dp</dimen>
  <dimen name="pad_272dp">544.0dp</dimen>
  <dimen name="pad_273dp">546.0dp</dimen>
  <dimen name="pad_274dp">548.0dp</dimen>
  <dimen name="pad_275dp">550.0dp</dimen>
  <dimen name="pad_276dp">552.0dp</dimen>
  <dimen name="pad_277dp">554.0dp</dimen>
  <dimen name="pad_278dp">556.0dp</dimen>
  <dimen name="pad_279dp">558.0dp</dimen>
  <dimen name="pad_280dp">560.0dp</dimen>
  <dimen name="pad_281dp">562.0dp</dimen>
  <dimen name="pad_282dp">564.0dp</dimen>
  <dimen name="pad_283dp">566.0dp</dimen>
  <dimen name="pad_284dp">568.0dp</dimen>
  <dimen name="pad_285dp">570.0dp</dimen>
  <dimen name="pad_286dp">572.0dp</dimen>
  <dimen name="pad_287dp">574.0dp</dimen>
  <dimen name="pad_288dp">576.0dp</dimen>
  <dimen name="pad_289dp">578.0dp</dimen>
  <dimen name="pad_290dp">580.0dp</dimen>
  <dimen name="pad_291dp">582.0dp</dimen>
  <dimen name="pad_292dp">584.0dp</dimen>
  <dimen name="pad_293dp">586.0dp</dimen>
  <dimen name="pad_294dp">588.0dp</dimen>
  <dimen name="pad_295dp">590.0dp</dimen>
  <dimen name="pad_296dp">592.0dp</dimen>
  <dimen name="pad_297dp">594.0dp</dimen>
  <dimen name="pad_298dp">596.0dp</dimen>
  <dimen name="pad_299dp">598.0dp</dimen>
  <dimen name="pad_300dp">600.0dp</dimen>
  <dimen name="pad_301dp">602.0dp</dimen>
  <dimen name="pad_302dp">604.0dp</dimen>
  <dimen name="pad_303dp">606.0dp</dimen>
  <dimen name="pad_304dp">608.0dp</dimen>
  <dimen name="pad_305dp">610.0dp</dimen>
  <dimen name="pad_306dp">612.0dp</dimen>
  <dimen name="pad_307dp">614.0dp</dimen>
  <dimen name="pad_308dp">616.0dp</dimen>
  <dimen name="pad_309dp">618.0dp</dimen>
  <dimen name="pad_310dp">620.0dp</dimen>
  <dimen name="pad_311dp">622.0dp</dimen>
  <dimen name="pad_312dp">624.0dp</dimen>
  <dimen name="pad_313dp">626.0dp</dimen>
  <dimen name="pad_314dp">628.0dp</dimen>
  <dimen name="pad_315dp">630.0dp</dimen>
  <dimen name="pad_316dp">632.0dp</dimen>
  <dimen name="pad_317dp">634.0dp</dimen>
  <dimen name="pad_318dp">636.0dp</dimen>
  <dimen name="pad_319dp">638.0dp</dimen>
  <dimen name="txt_0_sp">0.0sp</dimen>
  <dimen name="txt_1_sp">2.0sp</dimen>
  <dimen name="txt_2_sp">4.0sp</dimen>
  <dimen name="txt_3_sp">6.0sp</dimen>
  <dimen name="txt_4_sp">8.0sp</dimen>
  <dimen name="txt_5_sp">10.0sp</dimen>
  <dimen name="txt_6_sp">12.0sp</dimen>
  <dimen name="txt_7_sp">14.0sp</dimen>
  <dimen name="txt_8_sp">16.0sp</dimen>
  <dimen name="txt_9_sp">18.0sp</dimen>
  <dimen name="txt_10_sp">20.0sp</dimen>
  <dimen name="txt_11_sp">22.0sp</dimen>
  <dimen name="txt_12_sp">24.0sp</dimen>
  <dimen name="txt_13_sp">26.0sp</dimen>
  <dimen name="txt_14_sp">28.0sp</dimen>
  <dimen name="txt_15_sp">30.0sp</dimen>
  <dimen name="txt_16_sp">32.0sp</dimen>
  <dimen name="txt_17_sp">34.0sp</dimen>
  <dimen name="txt_18_sp">36.0sp</dimen>
  <dimen name="txt_19_sp">38.0sp</dimen>
  <dimen name="txt_20_sp">40.0sp</dimen>
  <dimen name="txt_21_sp">42.0sp</dimen>
  <dimen name="txt_22_sp">44.0sp</dimen>
  <dimen name="txt_23_sp">46.0sp</dimen>
  <dimen name="txt_24_sp">48.0sp</dimen>
  <dimen name="txt_25_sp">50.0sp</dimen>
  <dimen name="txt_26_sp">52.0sp</dimen>
  <dimen name="txt_27_sp">54.0sp</dimen>
  <dimen name="txt_28_sp">56.0sp</dimen>
  <dimen name="txt_29_sp">58.0sp</dimen>
  <dimen name="txt_35_sp">70sp</dimen>
</resources>